{
	"prefix": "feather",
	"info": {
		"name": "Feather Icons",
		"total": 286,
		"author": {
			"name": "Cole Bemis",
			"url": "https://github.com/feathericons/feather"
		},
		"license": {
			"title": "MIT",
			"spdx": "MIT",
			"url": "https://github.com/feathericons/feather/blob/master/LICENSE"
		},
		"samples": [
			"check-circle",
			"award",
			"home"
		],
		"height": 24,
		"tags": [
			"Precise Shapes",
			"Has Padding",
			"Uses Stroke"
		],
		"palette": false,
		"hidden": true
	},
	"lastModified": 1722793403,
	"icons": {
		"activity": {
			"body": "<path fill=\"none\" stroke=\"currentColor\" stroke-linecap=\"round\" stroke-linejoin=\"round\" stroke-width=\"2\" d=\"M22 12h-4l-3 9L9 3l-3 9H2\"/>"
		},
		"airplay": {
			"body": "<g fill=\"none\" stroke=\"currentColor\" stroke-linecap=\"round\" stroke-linejoin=\"round\" stroke-width=\"2\"><path d=\"M5 17H4a2 2 0 0 1-2-2V5a2 2 0 0 1 2-2h16a2 2 0 0 1 2 2v10a2 2 0 0 1-2 2h-1\"/><path d=\"m12 15l5 6H7z\"/></g>"
		},
		"alert-circle": {
			"body": "<g fill=\"none\" stroke=\"currentColor\" stroke-linecap=\"round\" stroke-linejoin=\"round\" stroke-width=\"2\"><circle cx=\"12\" cy=\"12\" r=\"10\"/><path d=\"M12 8v4m0 4h.01\"/></g>"
		},
		"alert-octagon": {
			"body": "<path fill=\"none\" stroke=\"currentColor\" stroke-linecap=\"round\" stroke-linejoin=\"round\" stroke-width=\"2\" d=\"M7.86 2h8.28L22 7.86v8.28L16.14 22H7.86L2 16.14V7.86zM12 8v4m0 4h.01\"/>"
		},
		"alert-triangle": {
			"body": "<path fill=\"none\" stroke=\"currentColor\" stroke-linecap=\"round\" stroke-linejoin=\"round\" stroke-width=\"2\" d=\"M10.29 3.86L1.82 18a2 2 0 0 0 1.71 3h16.94a2 2 0 0 0 1.71-3L13.71 3.86a2 2 0 0 0-3.42 0M12 9v4m0 4h.01\"/>"
		},
		"align-center": {
			"body": "<path fill=\"none\" stroke=\"currentColor\" stroke-linecap=\"round\" stroke-linejoin=\"round\" stroke-width=\"2\" d=\"M18 10H6m15-4H3m18 8H3m15 4H6\"/>"
		},
		"align-justify": {
			"body": "<path fill=\"none\" stroke=\"currentColor\" stroke-linecap=\"round\" stroke-linejoin=\"round\" stroke-width=\"2\" d=\"M21 10H3m18-4H3m18 8H3m18 4H3\"/>"
		},
		"align-left": {
			"body": "<path fill=\"none\" stroke=\"currentColor\" stroke-linecap=\"round\" stroke-linejoin=\"round\" stroke-width=\"2\" d=\"M17 10H3m18-4H3m18 8H3m14 4H3\"/>"
		},
		"align-right": {
			"body": "<path fill=\"none\" stroke=\"currentColor\" stroke-linecap=\"round\" stroke-linejoin=\"round\" stroke-width=\"2\" d=\"M21 10H7m14-4H3m18 8H3m18 4H7\"/>"
		},
		"anchor": {
			"body": "<g fill=\"none\" stroke=\"currentColor\" stroke-linecap=\"round\" stroke-linejoin=\"round\" stroke-width=\"2\"><circle cx=\"12\" cy=\"5\" r=\"3\"/><path d=\"M12 22V8m-7 4H2a10 10 0 0 0 20 0h-3\"/></g>"
		},
		"aperture": {
			"body": "<g fill=\"none\" stroke=\"currentColor\" stroke-linecap=\"round\" stroke-linejoin=\"round\" stroke-width=\"2\"><circle cx=\"12\" cy=\"12\" r=\"10\"/><path d=\"m14.31 8l5.74 9.94M9.69 8h11.48M7.38 12l5.74-9.94M9.69 16L3.95 6.06M14.31 16H2.83m13.79-4l-5.74 9.94\"/></g>"
		},
		"archive": {
			"body": "<path fill=\"none\" stroke=\"currentColor\" stroke-linecap=\"round\" stroke-linejoin=\"round\" stroke-width=\"2\" d=\"M21 8v13H3V8M1 3h22v5H1zm9 9h4\"/>"
		},
		"arrow-down": {
			"body": "<path fill=\"none\" stroke=\"currentColor\" stroke-linecap=\"round\" stroke-linejoin=\"round\" stroke-width=\"2\" d=\"M12 5v14m7-7l-7 7l-7-7\"/>"
		},
		"arrow-down-circle": {
			"body": "<g fill=\"none\" stroke=\"currentColor\" stroke-linecap=\"round\" stroke-linejoin=\"round\" stroke-width=\"2\"><circle cx=\"12\" cy=\"12\" r=\"10\"/><path d=\"m8 12l4 4l4-4m-4-4v8\"/></g>"
		},
		"arrow-down-left": {
			"body": "<path fill=\"none\" stroke=\"currentColor\" stroke-linecap=\"round\" stroke-linejoin=\"round\" stroke-width=\"2\" d=\"M17 7L7 17m10 0H7V7\"/>"
		},
		"arrow-down-right": {
			"body": "<path fill=\"none\" stroke=\"currentColor\" stroke-linecap=\"round\" stroke-linejoin=\"round\" stroke-width=\"2\" d=\"m7 7l10 10m0-10v10H7\"/>"
		},
		"arrow-left": {
			"body": "<path fill=\"none\" stroke=\"currentColor\" stroke-linecap=\"round\" stroke-linejoin=\"round\" stroke-width=\"2\" d=\"M19 12H5m7 7l-7-7l7-7\"/>"
		},
		"arrow-left-circle": {
			"body": "<g fill=\"none\" stroke=\"currentColor\" stroke-linecap=\"round\" stroke-linejoin=\"round\" stroke-width=\"2\"><circle cx=\"12\" cy=\"12\" r=\"10\"/><path d=\"m12 8l-4 4l4 4m4-4H8\"/></g>"
		},
		"arrow-right": {
			"body": "<path fill=\"none\" stroke=\"currentColor\" stroke-linecap=\"round\" stroke-linejoin=\"round\" stroke-width=\"2\" d=\"M5 12h14m-7-7l7 7l-7 7\"/>"
		},
		"arrow-right-circle": {
			"body": "<g fill=\"none\" stroke=\"currentColor\" stroke-linecap=\"round\" stroke-linejoin=\"round\" stroke-width=\"2\"><circle cx=\"12\" cy=\"12\" r=\"10\"/><path d=\"m12 16l4-4l-4-4m-4 4h8\"/></g>"
		},
		"arrow-up": {
			"body": "<path fill=\"none\" stroke=\"currentColor\" stroke-linecap=\"round\" stroke-linejoin=\"round\" stroke-width=\"2\" d=\"M12 19V5m-7 7l7-7l7 7\"/>"
		},
		"arrow-up-circle": {
			"body": "<g fill=\"none\" stroke=\"currentColor\" stroke-linecap=\"round\" stroke-linejoin=\"round\" stroke-width=\"2\"><circle cx=\"12\" cy=\"12\" r=\"10\"/><path d=\"m16 12l-4-4l-4 4m4 4V8\"/></g>"
		},
		"arrow-up-left": {
			"body": "<path fill=\"none\" stroke=\"currentColor\" stroke-linecap=\"round\" stroke-linejoin=\"round\" stroke-width=\"2\" d=\"M17 17L7 7m0 10V7h10\"/>"
		},
		"arrow-up-right": {
			"body": "<path fill=\"none\" stroke=\"currentColor\" stroke-linecap=\"round\" stroke-linejoin=\"round\" stroke-width=\"2\" d=\"M7 17L17 7M7 7h10v10\"/>"
		},
		"at-sign": {
			"body": "<g fill=\"none\" stroke=\"currentColor\" stroke-linecap=\"round\" stroke-linejoin=\"round\" stroke-width=\"2\"><circle cx=\"12\" cy=\"12\" r=\"4\"/><path d=\"M16 8v5a3 3 0 0 0 6 0v-1a10 10 0 1 0-3.92 7.94\"/></g>"
		},
		"award": {
			"body": "<g fill=\"none\" stroke=\"currentColor\" stroke-linecap=\"round\" stroke-linejoin=\"round\" stroke-width=\"2\"><circle cx=\"12\" cy=\"8\" r=\"7\"/><path d=\"M8.21 13.89L7 23l5-3l5 3l-1.21-9.12\"/></g>"
		},
		"bar-chart": {
			"body": "<path fill=\"none\" stroke=\"currentColor\" stroke-linecap=\"round\" stroke-linejoin=\"round\" stroke-width=\"2\" d=\"M12 20V10m6 10V4M6 20v-4\"/>"
		},
		"bar-chart-2": {
			"body": "<path fill=\"none\" stroke=\"currentColor\" stroke-linecap=\"round\" stroke-linejoin=\"round\" stroke-width=\"2\" d=\"M18 20V10m-6 10V4M6 20v-6\"/>"
		},
		"battery": {
			"body": "<g fill=\"none\" stroke=\"currentColor\" stroke-linecap=\"round\" stroke-linejoin=\"round\" stroke-width=\"2\"><rect width=\"18\" height=\"12\" x=\"1\" y=\"6\" rx=\"2\" ry=\"2\"/><path d=\"M23 13v-2\"/></g>"
		},
		"battery-charging": {
			"body": "<path fill=\"none\" stroke=\"currentColor\" stroke-linecap=\"round\" stroke-linejoin=\"round\" stroke-width=\"2\" d=\"M5 18H3a2 2 0 0 1-2-2V8a2 2 0 0 1 2-2h3.19M15 6h2a2 2 0 0 1 2 2v8a2 2 0 0 1-2 2h-3.19M23 13v-2M11 6l-4 6h6l-4 6\"/>"
		},
		"bell": {
			"body": "<path fill=\"none\" stroke=\"currentColor\" stroke-linecap=\"round\" stroke-linejoin=\"round\" stroke-width=\"2\" d=\"M18 8A6 6 0 0 0 6 8c0 7-3 9-3 9h18s-3-2-3-9m-4.27 13a2 2 0 0 1-3.46 0\"/>"
		},
		"bell-off": {
			"body": "<path fill=\"none\" stroke=\"currentColor\" stroke-linecap=\"round\" stroke-linejoin=\"round\" stroke-width=\"2\" d=\"M13.73 21a2 2 0 0 1-3.46 0m8.36-8A17.9 17.9 0 0 1 18 8M6.26 6.26A5.9 5.9 0 0 0 6 8c0 7-3 9-3 9h14m1-9a6 6 0 0 0-9.33-5M1 1l22 22\"/>"
		},
		"bluetooth": {
			"body": "<path fill=\"none\" stroke=\"currentColor\" stroke-linecap=\"round\" stroke-linejoin=\"round\" stroke-width=\"2\" d=\"m6.5 6.5l11 11L12 23V1l5.5 5.5l-11 11\"/>"
		},
		"bold": {
			"body": "<path fill=\"none\" stroke=\"currentColor\" stroke-linecap=\"round\" stroke-linejoin=\"round\" stroke-width=\"2\" d=\"M6 4h8a4 4 0 0 1 4 4a4 4 0 0 1-4 4H6zm0 8h9a4 4 0 0 1 4 4a4 4 0 0 1-4 4H6z\"/>"
		},
		"book": {
			"body": "<g fill=\"none\" stroke=\"currentColor\" stroke-linecap=\"round\" stroke-linejoin=\"round\" stroke-width=\"2\"><path d=\"M4 19.5A2.5 2.5 0 0 1 6.5 17H20\"/><path d=\"M6.5 2H20v20H6.5A2.5 2.5 0 0 1 4 19.5v-15A2.5 2.5 0 0 1 6.5 2\"/></g>"
		},
		"book-open": {
			"body": "<path fill=\"none\" stroke=\"currentColor\" stroke-linecap=\"round\" stroke-linejoin=\"round\" stroke-width=\"2\" d=\"M2 3h6a4 4 0 0 1 4 4v14a3 3 0 0 0-3-3H2zm20 0h-6a4 4 0 0 0-4 4v14a3 3 0 0 1 3-3h7z\"/>"
		},
		"bookmark": {
			"body": "<path fill=\"none\" stroke=\"currentColor\" stroke-linecap=\"round\" stroke-linejoin=\"round\" stroke-width=\"2\" d=\"m19 21l-7-5l-7 5V5a2 2 0 0 1 2-2h10a2 2 0 0 1 2 2z\"/>"
		},
		"box": {
			"body": "<g fill=\"none\" stroke=\"currentColor\" stroke-linecap=\"round\" stroke-linejoin=\"round\" stroke-width=\"2\"><path d=\"M21 16V8a2 2 0 0 0-1-1.73l-7-4a2 2 0 0 0-2 0l-7 4A2 2 0 0 0 3 8v8a2 2 0 0 0 1 1.73l7 4a2 2 0 0 0 2 0l7-4A2 2 0 0 0 21 16\"/><path d=\"M3.27 6.96L12 12.01l8.73-5.05M12 22.08V12\"/></g>"
		},
		"briefcase": {
			"body": "<g fill=\"none\" stroke=\"currentColor\" stroke-linecap=\"round\" stroke-linejoin=\"round\" stroke-width=\"2\"><rect width=\"20\" height=\"14\" x=\"2\" y=\"7\" rx=\"2\" ry=\"2\"/><path d=\"M16 21V5a2 2 0 0 0-2-2h-4a2 2 0 0 0-2 2v16\"/></g>"
		},
		"calendar": {
			"body": "<g fill=\"none\" stroke=\"currentColor\" stroke-linecap=\"round\" stroke-linejoin=\"round\" stroke-width=\"2\"><rect width=\"18\" height=\"18\" x=\"3\" y=\"4\" rx=\"2\" ry=\"2\"/><path d=\"M16 2v4M8 2v4m-5 4h18\"/></g>"
		},
		"camera": {
			"body": "<g fill=\"none\" stroke=\"currentColor\" stroke-linecap=\"round\" stroke-linejoin=\"round\" stroke-width=\"2\"><path d=\"M23 19a2 2 0 0 1-2 2H3a2 2 0 0 1-2-2V8a2 2 0 0 1 2-2h4l2-3h6l2 3h4a2 2 0 0 1 2 2z\"/><circle cx=\"12\" cy=\"13\" r=\"4\"/></g>"
		},
		"camera-off": {
			"body": "<path fill=\"none\" stroke=\"currentColor\" stroke-linecap=\"round\" stroke-linejoin=\"round\" stroke-width=\"2\" d=\"m1 1l22 22m-2-2H3a2 2 0 0 1-2-2V8a2 2 0 0 1 2-2h3m3-3h6l2 3h4a2 2 0 0 1 2 2v9.34m-7.72-2.06a4 4 0 1 1-5.56-5.56\"/>"
		},
		"cast": {
			"body": "<path fill=\"none\" stroke=\"currentColor\" stroke-linecap=\"round\" stroke-linejoin=\"round\" stroke-width=\"2\" d=\"M2 16.1A5 5 0 0 1 5.9 20M2 12.05A9 9 0 0 1 9.95 20M2 8V6a2 2 0 0 1 2-2h16a2 2 0 0 1 2 2v12a2 2 0 0 1-2 2h-6M2 20h.01\"/>"
		},
		"check": {
			"body": "<path fill=\"none\" stroke=\"currentColor\" stroke-linecap=\"round\" stroke-linejoin=\"round\" stroke-width=\"2\" d=\"M20 6L9 17l-5-5\"/>"
		},
		"check-circle": {
			"body": "<g fill=\"none\" stroke=\"currentColor\" stroke-linecap=\"round\" stroke-linejoin=\"round\" stroke-width=\"2\"><path d=\"M22 11.08V12a10 10 0 1 1-5.93-9.14\"/><path d=\"M22 4L12 14.01l-3-3\"/></g>"
		},
		"check-square": {
			"body": "<g fill=\"none\" stroke=\"currentColor\" stroke-linecap=\"round\" stroke-linejoin=\"round\" stroke-width=\"2\"><path d=\"m9 11l3 3L22 4\"/><path d=\"M21 12v7a2 2 0 0 1-2 2H5a2 2 0 0 1-2-2V5a2 2 0 0 1 2-2h11\"/></g>"
		},
		"chevron-down": {
			"body": "<path fill=\"none\" stroke=\"currentColor\" stroke-linecap=\"round\" stroke-linejoin=\"round\" stroke-width=\"2\" d=\"m6 9l6 6l6-6\"/>"
		},
		"chevron-left": {
			"body": "<path fill=\"none\" stroke=\"currentColor\" stroke-linecap=\"round\" stroke-linejoin=\"round\" stroke-width=\"2\" d=\"m15 18l-6-6l6-6\"/>"
		},
		"chevron-right": {
			"body": "<path fill=\"none\" stroke=\"currentColor\" stroke-linecap=\"round\" stroke-linejoin=\"round\" stroke-width=\"2\" d=\"m9 18l6-6l-6-6\"/>"
		},
		"chevron-up": {
			"body": "<path fill=\"none\" stroke=\"currentColor\" stroke-linecap=\"round\" stroke-linejoin=\"round\" stroke-width=\"2\" d=\"m18 15l-6-6l-6 6\"/>"
		},
		"chevrons-down": {
			"body": "<path fill=\"none\" stroke=\"currentColor\" stroke-linecap=\"round\" stroke-linejoin=\"round\" stroke-width=\"2\" d=\"m7 13l5 5l5-5M7 6l5 5l5-5\"/>"
		},
		"chevrons-left": {
			"body": "<path fill=\"none\" stroke=\"currentColor\" stroke-linecap=\"round\" stroke-linejoin=\"round\" stroke-width=\"2\" d=\"m11 17l-5-5l5-5m7 10l-5-5l5-5\"/>"
		},
		"chevrons-right": {
			"body": "<path fill=\"none\" stroke=\"currentColor\" stroke-linecap=\"round\" stroke-linejoin=\"round\" stroke-width=\"2\" d=\"m13 17l5-5l-5-5M6 17l5-5l-5-5\"/>"
		},
		"chevrons-up": {
			"body": "<path fill=\"none\" stroke=\"currentColor\" stroke-linecap=\"round\" stroke-linejoin=\"round\" stroke-width=\"2\" d=\"m17 11l-5-5l-5 5m10 7l-5-5l-5 5\"/>"
		},
		"chrome": {
			"body": "<g fill=\"none\" stroke=\"currentColor\" stroke-linecap=\"round\" stroke-linejoin=\"round\" stroke-width=\"2\"><circle cx=\"12\" cy=\"12\" r=\"10\"/><circle cx=\"12\" cy=\"12\" r=\"4\"/><path d=\"M21.17 8H12M3.95 6.06L8.54 14m2.34 7.94L15.46 14\"/></g>"
		},
		"circle": {
			"body": "<circle cx=\"12\" cy=\"12\" r=\"10\" fill=\"none\" stroke=\"currentColor\" stroke-linecap=\"round\" stroke-linejoin=\"round\" stroke-width=\"2\"/>"
		},
		"clipboard": {
			"body": "<g fill=\"none\" stroke=\"currentColor\" stroke-linecap=\"round\" stroke-linejoin=\"round\" stroke-width=\"2\"><path d=\"M16 4h2a2 2 0 0 1 2 2v14a2 2 0 0 1-2 2H6a2 2 0 0 1-2-2V6a2 2 0 0 1 2-2h2\"/><rect width=\"8\" height=\"4\" x=\"8\" y=\"2\" rx=\"1\" ry=\"1\"/></g>"
		},
		"clock": {
			"body": "<g fill=\"none\" stroke=\"currentColor\" stroke-linecap=\"round\" stroke-linejoin=\"round\" stroke-width=\"2\"><circle cx=\"12\" cy=\"12\" r=\"10\"/><path d=\"M12 6v6l4 2\"/></g>"
		},
		"cloud": {
			"body": "<path fill=\"none\" stroke=\"currentColor\" stroke-linecap=\"round\" stroke-linejoin=\"round\" stroke-width=\"2\" d=\"M18 10h-1.26A8 8 0 1 0 9 20h9a5 5 0 0 0 0-10\"/>"
		},
		"cloud-drizzle": {
			"body": "<path fill=\"none\" stroke=\"currentColor\" stroke-linecap=\"round\" stroke-linejoin=\"round\" stroke-width=\"2\" d=\"M8 19v2m0-8v2m8 4v2m0-8v2m-4 6v2m0-8v2m8-.42A5 5 0 0 0 18 7h-1.26A8 8 0 1 0 4 15.25\"/>"
		},
		"cloud-lightning": {
			"body": "<g fill=\"none\" stroke=\"currentColor\" stroke-linecap=\"round\" stroke-linejoin=\"round\" stroke-width=\"2\"><path d=\"M19 16.9A5 5 0 0 0 18 7h-1.26a8 8 0 1 0-11.62 9\"/><path d=\"m13 11l-4 6h6l-4 6\"/></g>"
		},
		"cloud-off": {
			"body": "<path fill=\"none\" stroke=\"currentColor\" stroke-linecap=\"round\" stroke-linejoin=\"round\" stroke-width=\"2\" d=\"M22.61 16.95A5 5 0 0 0 18 10h-1.26a8 8 0 0 0-7.05-6M5 5a8 8 0 0 0 4 15h9a5 5 0 0 0 1.7-.3M1 1l22 22\"/>"
		},
		"cloud-rain": {
			"body": "<path fill=\"none\" stroke=\"currentColor\" stroke-linecap=\"round\" stroke-linejoin=\"round\" stroke-width=\"2\" d=\"M16 13v8m-8-8v8m4-6v8m8-6.42A5 5 0 0 0 18 7h-1.26A8 8 0 1 0 4 15.25\"/>"
		},
		"cloud-snow": {
			"body": "<path fill=\"none\" stroke=\"currentColor\" stroke-linecap=\"round\" stroke-linejoin=\"round\" stroke-width=\"2\" d=\"M20 17.58A5 5 0 0 0 18 8h-1.26A8 8 0 1 0 4 16.25M8 16h.01M8 20h.01M12 18h.01M12 22h.01M16 16h.01M16 20h.01\"/>"
		},
		"code": {
			"body": "<path fill=\"none\" stroke=\"currentColor\" stroke-linecap=\"round\" stroke-linejoin=\"round\" stroke-width=\"2\" d=\"m16 18l6-6l-6-6M8 6l-6 6l6 6\"/>"
		},
		"codepen": {
			"body": "<g fill=\"none\" stroke=\"currentColor\" stroke-linecap=\"round\" stroke-linejoin=\"round\" stroke-width=\"2\"><path d=\"m12 2l10 6.5v7L12 22L2 15.5v-7zm0 20v-6.5\"/><path d=\"m22 8.5l-10 7l-10-7\"/><path d=\"m2 15.5l10-7l10 7M12 2v6.5\"/></g>"
		},
		"codesandbox": {
			"body": "<g fill=\"none\" stroke=\"currentColor\" stroke-linecap=\"round\" stroke-linejoin=\"round\" stroke-width=\"2\"><path d=\"M21 16V8a2 2 0 0 0-1-1.73l-7-4a2 2 0 0 0-2 0l-7 4A2 2 0 0 0 3 8v8a2 2 0 0 0 1 1.73l7 4a2 2 0 0 0 2 0l7-4A2 2 0 0 0 21 16\"/><path d=\"m7.5 4.21l4.5 2.6l4.5-2.6m-9 15.58V14.6L3 12m18 0l-4.5 2.6v5.19M3.27 6.96L12 12.01l8.73-5.05M12 22.08V12\"/></g>"
		},
		"coffee": {
			"body": "<path fill=\"none\" stroke=\"currentColor\" stroke-linecap=\"round\" stroke-linejoin=\"round\" stroke-width=\"2\" d=\"M18 8h1a4 4 0 0 1 0 8h-1M2 8h16v9a4 4 0 0 1-4 4H6a4 4 0 0 1-4-4zm4-7v3m4-3v3m4-3v3\"/>"
		},
		"columns": {
			"body": "<path fill=\"none\" stroke=\"currentColor\" stroke-linecap=\"round\" stroke-linejoin=\"round\" stroke-width=\"2\" d=\"M12 3h7a2 2 0 0 1 2 2v14a2 2 0 0 1-2 2h-7m0-18H5a2 2 0 0 0-2 2v14a2 2 0 0 0 2 2h7m0-18v18\"/>"
		},
		"command": {
			"body": "<path fill=\"none\" stroke=\"currentColor\" stroke-linecap=\"round\" stroke-linejoin=\"round\" stroke-width=\"2\" d=\"M18 3a3 3 0 0 0-3 3v12a3 3 0 0 0 3 3a3 3 0 0 0 3-3a3 3 0 0 0-3-3H6a3 3 0 0 0-3 3a3 3 0 0 0 3 3a3 3 0 0 0 3-3V6a3 3 0 0 0-3-3a3 3 0 0 0-3 3a3 3 0 0 0 3 3h12a3 3 0 0 0 3-3a3 3 0 0 0-3-3\"/>"
		},
		"compass": {
			"body": "<g fill=\"none\" stroke=\"currentColor\" stroke-linecap=\"round\" stroke-linejoin=\"round\" stroke-width=\"2\"><circle cx=\"12\" cy=\"12\" r=\"10\"/><path d=\"m16.24 7.76l-2.12 6.36l-6.36 2.12l2.12-6.36z\"/></g>"
		},
		"copy": {
			"body": "<g fill=\"none\" stroke=\"currentColor\" stroke-linecap=\"round\" stroke-linejoin=\"round\" stroke-width=\"2\"><rect width=\"13\" height=\"13\" x=\"9\" y=\"9\" rx=\"2\" ry=\"2\"/><path d=\"M5 15H4a2 2 0 0 1-2-2V4a2 2 0 0 1 2-2h9a2 2 0 0 1 2 2v1\"/></g>"
		},
		"corner-down-left": {
			"body": "<g fill=\"none\" stroke=\"currentColor\" stroke-linecap=\"round\" stroke-linejoin=\"round\" stroke-width=\"2\"><path d=\"m9 10l-5 5l5 5\"/><path d=\"M20 4v7a4 4 0 0 1-4 4H4\"/></g>"
		},
		"corner-down-right": {
			"body": "<g fill=\"none\" stroke=\"currentColor\" stroke-linecap=\"round\" stroke-linejoin=\"round\" stroke-width=\"2\"><path d=\"m15 10l5 5l-5 5\"/><path d=\"M4 4v7a4 4 0 0 0 4 4h12\"/></g>"
		},
		"corner-left-down": {
			"body": "<g fill=\"none\" stroke=\"currentColor\" stroke-linecap=\"round\" stroke-linejoin=\"round\" stroke-width=\"2\"><path d=\"m14 15l-5 5l-5-5\"/><path d=\"M20 4h-7a4 4 0 0 0-4 4v12\"/></g>"
		},
		"corner-left-up": {
			"body": "<g fill=\"none\" stroke=\"currentColor\" stroke-linecap=\"round\" stroke-linejoin=\"round\" stroke-width=\"2\"><path d=\"M14 9L9 4L4 9\"/><path d=\"M20 20h-7a4 4 0 0 1-4-4V4\"/></g>"
		},
		"corner-right-down": {
			"body": "<g fill=\"none\" stroke=\"currentColor\" stroke-linecap=\"round\" stroke-linejoin=\"round\" stroke-width=\"2\"><path d=\"m10 15l5 5l5-5\"/><path d=\"M4 4h7a4 4 0 0 1 4 4v12\"/></g>"
		},
		"corner-right-up": {
			"body": "<g fill=\"none\" stroke=\"currentColor\" stroke-linecap=\"round\" stroke-linejoin=\"round\" stroke-width=\"2\"><path d=\"m10 9l5-5l5 5\"/><path d=\"M4 20h7a4 4 0 0 0 4-4V4\"/></g>"
		},
		"corner-up-left": {
			"body": "<g fill=\"none\" stroke=\"currentColor\" stroke-linecap=\"round\" stroke-linejoin=\"round\" stroke-width=\"2\"><path d=\"M9 14L4 9l5-5\"/><path d=\"M20 20v-7a4 4 0 0 0-4-4H4\"/></g>"
		},
		"corner-up-right": {
			"body": "<g fill=\"none\" stroke=\"currentColor\" stroke-linecap=\"round\" stroke-linejoin=\"round\" stroke-width=\"2\"><path d=\"m15 14l5-5l-5-5\"/><path d=\"M4 20v-7a4 4 0 0 1 4-4h12\"/></g>"
		},
		"cpu": {
			"body": "<g fill=\"none\" stroke=\"currentColor\" stroke-linecap=\"round\" stroke-linejoin=\"round\" stroke-width=\"2\"><rect width=\"16\" height=\"16\" x=\"4\" y=\"4\" rx=\"2\" ry=\"2\"/><path d=\"M9 9h6v6H9zm0-8v3m6-3v3M9 20v3m6-3v3m5-14h3m-3 5h3M1 9h3m-3 5h3\"/></g>"
		},
		"credit-card": {
			"body": "<g fill=\"none\" stroke=\"currentColor\" stroke-linecap=\"round\" stroke-linejoin=\"round\" stroke-width=\"2\"><rect width=\"22\" height=\"16\" x=\"1\" y=\"4\" rx=\"2\" ry=\"2\"/><path d=\"M1 10h22\"/></g>"
		},
		"crop": {
			"body": "<g fill=\"none\" stroke=\"currentColor\" stroke-linecap=\"round\" stroke-linejoin=\"round\" stroke-width=\"2\"><path d=\"M6.13 1L6 16a2 2 0 0 0 2 2h15\"/><path d=\"M1 6.13L16 6a2 2 0 0 1 2 2v15\"/></g>"
		},
		"crosshair": {
			"body": "<g fill=\"none\" stroke=\"currentColor\" stroke-linecap=\"round\" stroke-linejoin=\"round\" stroke-width=\"2\"><circle cx=\"12\" cy=\"12\" r=\"10\"/><path d=\"M22 12h-4M6 12H2m10-6V2m0 20v-4\"/></g>"
		},
		"database": {
			"body": "<g fill=\"none\" stroke=\"currentColor\" stroke-linecap=\"round\" stroke-linejoin=\"round\" stroke-width=\"2\"><ellipse cx=\"12\" cy=\"5\" rx=\"9\" ry=\"3\"/><path d=\"M21 12c0 1.66-4 3-9 3s-9-1.34-9-3\"/><path d=\"M3 5v14c0 1.66 4 3 9 3s9-1.34 9-3V5\"/></g>"
		},
		"delete": {
			"body": "<path fill=\"none\" stroke=\"currentColor\" stroke-linecap=\"round\" stroke-linejoin=\"round\" stroke-width=\"2\" d=\"M21 4H8l-7 8l7 8h13a2 2 0 0 0 2-2V6a2 2 0 0 0-2-2m-3 5l-6 6m0-6l6 6\"/>"
		},
		"disc": {
			"body": "<g fill=\"none\" stroke=\"currentColor\" stroke-linecap=\"round\" stroke-linejoin=\"round\" stroke-width=\"2\"><circle cx=\"12\" cy=\"12\" r=\"10\"/><circle cx=\"12\" cy=\"12\" r=\"3\"/></g>"
		},
		"divide": {
			"body": "<g fill=\"none\" stroke=\"currentColor\" stroke-linecap=\"round\" stroke-linejoin=\"round\" stroke-width=\"2\"><circle cx=\"12\" cy=\"6\" r=\"2\"/><path d=\"M5 12h14\"/><circle cx=\"12\" cy=\"18\" r=\"2\"/></g>"
		},
		"divide-circle": {
			"body": "<g fill=\"none\" stroke=\"currentColor\" stroke-linecap=\"round\" stroke-linejoin=\"round\" stroke-width=\"2\"><path d=\"M8 12h8m-4-4\"/><circle cx=\"12\" cy=\"12\" r=\"10\"/></g>"
		},
		"divide-square": {
			"body": "<g fill=\"none\" stroke=\"currentColor\" stroke-linecap=\"round\" stroke-linejoin=\"round\" stroke-width=\"2\"><rect width=\"18\" height=\"18\" x=\"3\" y=\"3\" rx=\"2\" ry=\"2\"/><path d=\"M8 12h8m-4-4\"/></g>"
		},
		"dollar-sign": {
			"body": "<path fill=\"none\" stroke=\"currentColor\" stroke-linecap=\"round\" stroke-linejoin=\"round\" stroke-width=\"2\" d=\"M12 1v22m5-18H9.5a3.5 3.5 0 0 0 0 7h5a3.5 3.5 0 0 1 0 7H6\"/>"
		},
		"download": {
			"body": "<path fill=\"none\" stroke=\"currentColor\" stroke-linecap=\"round\" stroke-linejoin=\"round\" stroke-width=\"2\" d=\"M21 15v4a2 2 0 0 1-2 2H5a2 2 0 0 1-2-2v-4m4-5l5 5l5-5m-5 5V3\"/>"
		},
		"download-cloud": {
			"body": "<g fill=\"none\" stroke=\"currentColor\" stroke-linecap=\"round\" stroke-linejoin=\"round\" stroke-width=\"2\"><path d=\"m8 17l4 4l4-4m-4-5v9\"/><path d=\"M20.88 18.09A5 5 0 0 0 18 9h-1.26A8 8 0 1 0 3 16.29\"/></g>"
		},
		"dribbble": {
			"body": "<g fill=\"none\" stroke=\"currentColor\" stroke-linecap=\"round\" stroke-linejoin=\"round\" stroke-width=\"2\"><circle cx=\"12\" cy=\"12\" r=\"10\"/><path d=\"M8.56 2.75c4.37 6.03 6.02 9.42 8.03 17.72m2.54-15.38c-3.72 4.35-8.94 5.66-16.88 5.85m19.5 1.9c-3.5-.93-6.63-.82-8.94 0c-2.58.92-5.01 2.86-7.44 6.32\"/></g>"
		},
		"droplet": {
			"body": "<path fill=\"none\" stroke=\"currentColor\" stroke-linecap=\"round\" stroke-linejoin=\"round\" stroke-width=\"2\" d=\"m12 2.69l5.66 5.66a8 8 0 1 1-11.31 0z\"/>"
		},
		"edit": {
			"body": "<g fill=\"none\" stroke=\"currentColor\" stroke-linecap=\"round\" stroke-linejoin=\"round\" stroke-width=\"2\"><path d=\"M11 4H4a2 2 0 0 0-2 2v14a2 2 0 0 0 2 2h14a2 2 0 0 0 2-2v-7\"/><path d=\"M18.5 2.5a2.121 2.121 0 0 1 3 3L12 15l-4 1l1-4z\"/></g>"
		},
		"edit-2": {
			"body": "<path fill=\"none\" stroke=\"currentColor\" stroke-linecap=\"round\" stroke-linejoin=\"round\" stroke-width=\"2\" d=\"M17 3a2.828 2.828 0 1 1 4 4L7.5 20.5L2 22l1.5-5.5z\"/>"
		},
		"edit-3": {
			"body": "<path fill=\"none\" stroke=\"currentColor\" stroke-linecap=\"round\" stroke-linejoin=\"round\" stroke-width=\"2\" d=\"M12 20h9M16.5 3.5a2.121 2.121 0 0 1 3 3L7 19l-4 1l1-4z\"/>"
		},
		"external-link": {
			"body": "<path fill=\"none\" stroke=\"currentColor\" stroke-linecap=\"round\" stroke-linejoin=\"round\" stroke-width=\"2\" d=\"M18 13v6a2 2 0 0 1-2 2H5a2 2 0 0 1-2-2V8a2 2 0 0 1 2-2h6m4-3h6v6m-11 5L21 3\"/>"
		},
		"eye": {
			"body": "<g fill=\"none\" stroke=\"currentColor\" stroke-linecap=\"round\" stroke-linejoin=\"round\" stroke-width=\"2\"><path d=\"M1 12s4-8 11-8s11 8 11 8s-4 8-11 8s-11-8-11-8\"/><circle cx=\"12\" cy=\"12\" r=\"3\"/></g>"
		},
		"eye-off": {
			"body": "<path fill=\"none\" stroke=\"currentColor\" stroke-linecap=\"round\" stroke-linejoin=\"round\" stroke-width=\"2\" d=\"M17.94 17.94A10.07 10.07 0 0 1 12 20c-7 0-11-8-11-8a18.45 18.45 0 0 1 5.06-5.94M9.9 4.24A9 9 0 0 1 12 4c7 0 11 8 11 8a18.5 18.5 0 0 1-2.16 3.19m-6.72-1.07a3 3 0 1 1-4.24-4.24M1 1l22 22\"/>"
		},
		"facebook": {
			"body": "<path fill=\"none\" stroke=\"currentColor\" stroke-linecap=\"round\" stroke-linejoin=\"round\" stroke-width=\"2\" d=\"M18 2h-3a5 5 0 0 0-5 5v3H7v4h3v8h4v-8h3l1-4h-4V7a1 1 0 0 1 1-1h3z\"/>"
		},
		"fast-forward": {
			"body": "<path fill=\"none\" stroke=\"currentColor\" stroke-linecap=\"round\" stroke-linejoin=\"round\" stroke-width=\"2\" d=\"m13 19l9-7l-9-7zM2 19l9-7l-9-7z\"/>"
		},
		"feather": {
			"body": "<path fill=\"none\" stroke=\"currentColor\" stroke-linecap=\"round\" stroke-linejoin=\"round\" stroke-width=\"2\" d=\"M20.24 12.24a6 6 0 0 0-8.49-8.49L5 10.5V19h8.5zM16 8L2 22m15.5-7H9\"/>"
		},
		"figma": {
			"body": "<g fill=\"none\" stroke=\"currentColor\" stroke-linecap=\"round\" stroke-linejoin=\"round\" stroke-width=\"2\"><path d=\"M5 5.5A3.5 3.5 0 0 1 8.5 2H12v7H8.5A3.5 3.5 0 0 1 5 5.5M12 2h3.5a3.5 3.5 0 1 1 0 7H12z\"/><path d=\"M12 12.5a3.5 3.5 0 1 1 7 0a3.5 3.5 0 1 1-7 0m-7 7A3.5 3.5 0 0 1 8.5 16H12v3.5a3.5 3.5 0 1 1-7 0m0-7A3.5 3.5 0 0 1 8.5 9H12v7H8.5A3.5 3.5 0 0 1 5 12.5\"/></g>"
		},
		"file": {
			"body": "<g fill=\"none\" stroke=\"currentColor\" stroke-linecap=\"round\" stroke-linejoin=\"round\" stroke-width=\"2\"><path d=\"M13 2H6a2 2 0 0 0-2 2v16a2 2 0 0 0 2 2h12a2 2 0 0 0 2-2V9z\"/><path d=\"M13 2v7h7\"/></g>"
		},
		"file-minus": {
			"body": "<g fill=\"none\" stroke=\"currentColor\" stroke-linecap=\"round\" stroke-linejoin=\"round\" stroke-width=\"2\"><path d=\"M14 2H6a2 2 0 0 0-2 2v16a2 2 0 0 0 2 2h12a2 2 0 0 0 2-2V8z\"/><path d=\"M14 2v6h6M9 15h6\"/></g>"
		},
		"file-plus": {
			"body": "<g fill=\"none\" stroke=\"currentColor\" stroke-linecap=\"round\" stroke-linejoin=\"round\" stroke-width=\"2\"><path d=\"M14 2H6a2 2 0 0 0-2 2v16a2 2 0 0 0 2 2h12a2 2 0 0 0 2-2V8z\"/><path d=\"M14 2v6h6m-8 10v-6m-3 3h6\"/></g>"
		},
		"file-text": {
			"body": "<g fill=\"none\" stroke=\"currentColor\" stroke-linecap=\"round\" stroke-linejoin=\"round\" stroke-width=\"2\"><path d=\"M14 2H6a2 2 0 0 0-2 2v16a2 2 0 0 0 2 2h12a2 2 0 0 0 2-2V8z\"/><path d=\"M14 2v6h6m-4 5H8m8 4H8m2-8H8\"/></g>"
		},
		"film": {
			"body": "<g fill=\"none\" stroke=\"currentColor\" stroke-linecap=\"round\" stroke-linejoin=\"round\" stroke-width=\"2\"><rect width=\"20\" height=\"20\" x=\"2\" y=\"2\" rx=\"2.18\" ry=\"2.18\"/><path d=\"M7 2v20M17 2v20M2 12h20M2 7h5M2 17h5m10 0h5M17 7h5\"/></g>"
		},
		"filter": {
			"body": "<path fill=\"none\" stroke=\"currentColor\" stroke-linecap=\"round\" stroke-linejoin=\"round\" stroke-width=\"2\" d=\"M22 3H2l8 9.46V19l4 2v-8.54z\"/>"
		},
		"flag": {
			"body": "<path fill=\"none\" stroke=\"currentColor\" stroke-linecap=\"round\" stroke-linejoin=\"round\" stroke-width=\"2\" d=\"M4 15s1-1 4-1s5 2 8 2s4-1 4-1V3s-1 1-4 1s-5-2-8-2s-4 1-4 1zm0 7v-7\"/>"
		},
		"folder": {
			"body": "<path fill=\"none\" stroke=\"currentColor\" stroke-linecap=\"round\" stroke-linejoin=\"round\" stroke-width=\"2\" d=\"M22 19a2 2 0 0 1-2 2H4a2 2 0 0 1-2-2V5a2 2 0 0 1 2-2h5l2 3h9a2 2 0 0 1 2 2z\"/>"
		},
		"folder-minus": {
			"body": "<path fill=\"none\" stroke=\"currentColor\" stroke-linecap=\"round\" stroke-linejoin=\"round\" stroke-width=\"2\" d=\"M22 19a2 2 0 0 1-2 2H4a2 2 0 0 1-2-2V5a2 2 0 0 1 2-2h5l2 3h9a2 2 0 0 1 2 2zM9 14h6\"/>"
		},
		"folder-plus": {
			"body": "<path fill=\"none\" stroke=\"currentColor\" stroke-linecap=\"round\" stroke-linejoin=\"round\" stroke-width=\"2\" d=\"M22 19a2 2 0 0 1-2 2H4a2 2 0 0 1-2-2V5a2 2 0 0 1 2-2h5l2 3h9a2 2 0 0 1 2 2zm-10-8v6m-3-3h6\"/>"
		},
		"framer": {
			"body": "<path fill=\"none\" stroke=\"currentColor\" stroke-linecap=\"round\" stroke-linejoin=\"round\" stroke-width=\"2\" d=\"M5 16V9h14V2H5l14 14h-7m-7 0l7 7v-7m-7 0h7\"/>"
		},
		"frown": {
			"body": "<g fill=\"none\" stroke=\"currentColor\" stroke-linecap=\"round\" stroke-linejoin=\"round\" stroke-width=\"2\"><circle cx=\"12\" cy=\"12\" r=\"10\"/><path d=\"M16 16s-1.5-2-4-2s-4 2-4 2m1-7h.01M15 9h.01\"/></g>"
		},
		"gift": {
			"body": "<path fill=\"none\" stroke=\"currentColor\" stroke-linecap=\"round\" stroke-linejoin=\"round\" stroke-width=\"2\" d=\"M20 12v10H4V12M2 7h20v5H2zm10 15V7m0 0H7.5a2.5 2.5 0 0 1 0-5C11 2 12 7 12 7m0 0h4.5a2.5 2.5 0 0 0 0-5C13 2 12 7 12 7\"/>"
		},
		"git-branch": {
			"body": "<g fill=\"none\" stroke=\"currentColor\" stroke-linecap=\"round\" stroke-linejoin=\"round\" stroke-width=\"2\"><path d=\"M6 3v12\"/><circle cx=\"18\" cy=\"6\" r=\"3\"/><circle cx=\"6\" cy=\"18\" r=\"3\"/><path d=\"M18 9a9 9 0 0 1-9 9\"/></g>"
		},
		"git-commit": {
			"body": "<g fill=\"none\" stroke=\"currentColor\" stroke-linecap=\"round\" stroke-linejoin=\"round\" stroke-width=\"2\"><circle cx=\"12\" cy=\"12\" r=\"4\"/><path d=\"M1.05 12H7m10.01 0h5.95\"/></g>"
		},
		"git-merge": {
			"body": "<g fill=\"none\" stroke=\"currentColor\" stroke-linecap=\"round\" stroke-linejoin=\"round\" stroke-width=\"2\"><circle cx=\"18\" cy=\"18\" r=\"3\"/><circle cx=\"6\" cy=\"6\" r=\"3\"/><path d=\"M6 21V9a9 9 0 0 0 9 9\"/></g>"
		},
		"git-pull-request": {
			"body": "<g fill=\"none\" stroke=\"currentColor\" stroke-linecap=\"round\" stroke-linejoin=\"round\" stroke-width=\"2\"><circle cx=\"18\" cy=\"18\" r=\"3\"/><circle cx=\"6\" cy=\"6\" r=\"3\"/><path d=\"M13 6h3a2 2 0 0 1 2 2v7M6 9v12\"/></g>"
		},
		"github": {
			"body": "<path fill=\"none\" stroke=\"currentColor\" stroke-linecap=\"round\" stroke-linejoin=\"round\" stroke-width=\"2\" d=\"M9 19c-5 1.5-5-2.5-7-3m14 6v-3.87a3.37 3.37 0 0 0-.94-2.61c3.14-.35 6.44-1.54 6.44-7A5.44 5.44 0 0 0 20 4.77A5.07 5.07 0 0 0 19.91 1S18.73.65 16 2.48a13.4 13.4 0 0 0-7 0C6.27.65 5.09 1 5.09 1A5.07 5.07 0 0 0 5 4.77a5.44 5.44 0 0 0-1.5 3.78c0 5.42 3.3 6.61 6.44 7A3.37 3.37 0 0 0 9 18.13V22\"/>"
		},
		"gitlab": {
			"body": "<path fill=\"none\" stroke=\"currentColor\" stroke-linecap=\"round\" stroke-linejoin=\"round\" stroke-width=\"2\" d=\"M22.65 14.39L12 22.13L1.35 14.39a.84.84 0 0 1-.3-.94l1.22-3.78l2.44-7.51A.4.4 0 0 1 4.82 2a.43.43 0 0 1 .58 0a.4.4 0 0 1 .11.18l2.44 7.49h8.1l2.44-7.51A.4.4 0 0 1 18.6 2a.43.43 0 0 1 .58 0a.4.4 0 0 1 .11.18l2.44 7.51L23 13.45a.84.84 0 0 1-.35.94\"/>"
		},
		"globe": {
			"body": "<g fill=\"none\" stroke=\"currentColor\" stroke-linecap=\"round\" stroke-linejoin=\"round\" stroke-width=\"2\"><circle cx=\"12\" cy=\"12\" r=\"10\"/><path d=\"M2 12h20M12 2a15.3 15.3 0 0 1 4 10a15.3 15.3 0 0 1-4 10a15.3 15.3 0 0 1-4-10a15.3 15.3 0 0 1 4-10\"/></g>"
		},
		"grid": {
			"body": "<path fill=\"none\" stroke=\"currentColor\" stroke-linecap=\"round\" stroke-linejoin=\"round\" stroke-width=\"2\" d=\"M3 3h7v7H3zm11 0h7v7h-7zm0 11h7v7h-7zM3 14h7v7H3z\"/>"
		},
		"hard-drive": {
			"body": "<path fill=\"none\" stroke=\"currentColor\" stroke-linecap=\"round\" stroke-linejoin=\"round\" stroke-width=\"2\" d=\"M22 12H2m3.45-6.89L2 12v6a2 2 0 0 0 2 2h16a2 2 0 0 0 2-2v-6l-3.45-6.89A2 2 0 0 0 16.76 4H7.24a2 2 0 0 0-1.79 1.11M6 16h.01M10 16h.01\"/>"
		},
		"hash": {
			"body": "<path fill=\"none\" stroke=\"currentColor\" stroke-linecap=\"round\" stroke-linejoin=\"round\" stroke-width=\"2\" d=\"M4 9h16M4 15h16M10 3L8 21m8-18l-2 18\"/>"
		},
		"headphones": {
			"body": "<g fill=\"none\" stroke=\"currentColor\" stroke-linecap=\"round\" stroke-linejoin=\"round\" stroke-width=\"2\"><path d=\"M3 18v-6a9 9 0 0 1 18 0v6\"/><path d=\"M21 19a2 2 0 0 1-2 2h-1a2 2 0 0 1-2-2v-3a2 2 0 0 1 2-2h3zM3 19a2 2 0 0 0 2 2h1a2 2 0 0 0 2-2v-3a2 2 0 0 0-2-2H3z\"/></g>"
		},
		"heart": {
			"body": "<path fill=\"none\" stroke=\"currentColor\" stroke-linecap=\"round\" stroke-linejoin=\"round\" stroke-width=\"2\" d=\"M20.84 4.61a5.5 5.5 0 0 0-7.78 0L12 5.67l-1.06-1.06a5.5 5.5 0 0 0-7.78 7.78l1.06 1.06L12 21.23l7.78-7.78l1.06-1.06a5.5 5.5 0 0 0 0-7.78\"/>"
		},
		"help-circle": {
			"body": "<g fill=\"none\" stroke=\"currentColor\" stroke-linecap=\"round\" stroke-linejoin=\"round\" stroke-width=\"2\"><circle cx=\"12\" cy=\"12\" r=\"10\"/><path d=\"M9.09 9a3 3 0 0 1 5.83 1c0 2-3 3-3 3m.08 4h.01\"/></g>"
		},
		"hexagon": {
			"body": "<path fill=\"none\" stroke=\"currentColor\" stroke-linecap=\"round\" stroke-linejoin=\"round\" stroke-width=\"2\" d=\"M21 16V8a2 2 0 0 0-1-1.73l-7-4a2 2 0 0 0-2 0l-7 4A2 2 0 0 0 3 8v8a2 2 0 0 0 1 1.73l7 4a2 2 0 0 0 2 0l7-4A2 2 0 0 0 21 16\"/>"
		},
		"home": {
			"body": "<g fill=\"none\" stroke=\"currentColor\" stroke-linecap=\"round\" stroke-linejoin=\"round\" stroke-width=\"2\"><path d=\"m3 9l9-7l9 7v11a2 2 0 0 1-2 2H5a2 2 0 0 1-2-2z\"/><path d=\"M9 22V12h6v10\"/></g>"
		},
		"image": {
			"body": "<g fill=\"none\" stroke=\"currentColor\" stroke-linecap=\"round\" stroke-linejoin=\"round\" stroke-width=\"2\"><rect width=\"18\" height=\"18\" x=\"3\" y=\"3\" rx=\"2\" ry=\"2\"/><circle cx=\"8.5\" cy=\"8.5\" r=\"1.5\"/><path d=\"m21 15l-5-5L5 21\"/></g>"
		},
		"inbox": {
			"body": "<g fill=\"none\" stroke=\"currentColor\" stroke-linecap=\"round\" stroke-linejoin=\"round\" stroke-width=\"2\"><path d=\"M22 12h-6l-2 3h-4l-2-3H2\"/><path d=\"M5.45 5.11L2 12v6a2 2 0 0 0 2 2h16a2 2 0 0 0 2-2v-6l-3.45-6.89A2 2 0 0 0 16.76 4H7.24a2 2 0 0 0-1.79 1.11\"/></g>"
		},
		"info": {
			"body": "<g fill=\"none\" stroke=\"currentColor\" stroke-linecap=\"round\" stroke-linejoin=\"round\" stroke-width=\"2\"><circle cx=\"12\" cy=\"12\" r=\"10\"/><path d=\"M12 16v-4m0-4h.01\"/></g>"
		},
		"instagram": {
			"body": "<g fill=\"none\" stroke=\"currentColor\" stroke-linecap=\"round\" stroke-linejoin=\"round\" stroke-width=\"2\"><rect width=\"20\" height=\"20\" x=\"2\" y=\"2\" rx=\"5\" ry=\"5\"/><path d=\"M16 11.37A4 4 0 1 1 12.63 8A4 4 0 0 1 16 11.37m1.5-4.87h.01\"/></g>"
		},
		"italic": {
			"body": "<path fill=\"none\" stroke=\"currentColor\" stroke-linecap=\"round\" stroke-linejoin=\"round\" stroke-width=\"2\" d=\"M19 4h-9m4 16H5M15 4L9 20\"/>"
		},
		"key": {
			"body": "<path fill=\"none\" stroke=\"currentColor\" stroke-linecap=\"round\" stroke-linejoin=\"round\" stroke-width=\"2\" d=\"m21 2l-2 2m-7.61 7.61a5.5 5.5 0 1 1-7.778 7.778a5.5 5.5 0 0 1 7.777-7.777zm0 0L15.5 7.5m0 0l3 3L22 7l-3-3m-3.5 3.5L19 4\"/>"
		},
		"layers": {
			"body": "<path fill=\"none\" stroke=\"currentColor\" stroke-linecap=\"round\" stroke-linejoin=\"round\" stroke-width=\"2\" d=\"M12 2L2 7l10 5l10-5zM2 17l10 5l10-5M2 12l10 5l10-5\"/>"
		},
		"layout": {
			"body": "<g fill=\"none\" stroke=\"currentColor\" stroke-linecap=\"round\" stroke-linejoin=\"round\" stroke-width=\"2\"><rect width=\"18\" height=\"18\" x=\"3\" y=\"3\" rx=\"2\" ry=\"2\"/><path d=\"M3 9h18M9 21V9\"/></g>"
		},
		"life-buoy": {
			"body": "<g fill=\"none\" stroke=\"currentColor\" stroke-linecap=\"round\" stroke-linejoin=\"round\" stroke-width=\"2\"><circle cx=\"12\" cy=\"12\" r=\"10\"/><circle cx=\"12\" cy=\"12\" r=\"4\"/><path d=\"m4.93 4.93l4.24 4.24m5.66 5.66l4.24 4.24m-4.24-9.9l4.24-4.24m-4.24 4.24l3.53-3.53M4.93 19.07l4.24-4.24\"/></g>"
		},
		"link": {
			"body": "<g fill=\"none\" stroke=\"currentColor\" stroke-linecap=\"round\" stroke-linejoin=\"round\" stroke-width=\"2\"><path d=\"M10 13a5 5 0 0 0 7.54.54l3-3a5 5 0 0 0-7.07-7.07l-1.72 1.71\"/><path d=\"M14 11a5 5 0 0 0-7.54-.54l-3 3a5 5 0 0 0 7.07 7.07l1.71-1.71\"/></g>"
		},
		"link-2": {
			"body": "<path fill=\"none\" stroke=\"currentColor\" stroke-linecap=\"round\" stroke-linejoin=\"round\" stroke-width=\"2\" d=\"M15 7h3a5 5 0 0 1 5 5a5 5 0 0 1-5 5h-3m-6 0H6a5 5 0 0 1-5-5a5 5 0 0 1 5-5h3m-1 5h8\"/>"
		},
		"linkedin": {
			"body": "<g fill=\"none\" stroke=\"currentColor\" stroke-linecap=\"round\" stroke-linejoin=\"round\" stroke-width=\"2\"><path d=\"M16 8a6 6 0 0 1 6 6v7h-4v-7a2 2 0 0 0-2-2a2 2 0 0 0-2 2v7h-4v-7a6 6 0 0 1 6-6M2 9h4v12H2z\"/><circle cx=\"4\" cy=\"4\" r=\"2\"/></g>"
		},
		"list": {
			"body": "<path fill=\"none\" stroke=\"currentColor\" stroke-linecap=\"round\" stroke-linejoin=\"round\" stroke-width=\"2\" d=\"M8 6h13M8 12h13M8 18h13M3 6h.01M3 12h.01M3 18h.01\"/>"
		},
		"loader": {
			"body": "<path fill=\"none\" stroke=\"currentColor\" stroke-linecap=\"round\" stroke-linejoin=\"round\" stroke-width=\"2\" d=\"M12 2v4m0 12v4M4.93 4.93l2.83 2.83m8.48 8.48l2.83 2.83M2 12h4m12 0h4M4.93 19.07l2.83-2.83m8.48-8.48l2.83-2.83\"/>"
		},
		"lock": {
			"body": "<g fill=\"none\" stroke=\"currentColor\" stroke-linecap=\"round\" stroke-linejoin=\"round\" stroke-width=\"2\"><rect width=\"18\" height=\"11\" x=\"3\" y=\"11\" rx=\"2\" ry=\"2\"/><path d=\"M7 11V7a5 5 0 0 1 10 0v4\"/></g>"
		},
		"log-in": {
			"body": "<path fill=\"none\" stroke=\"currentColor\" stroke-linecap=\"round\" stroke-linejoin=\"round\" stroke-width=\"2\" d=\"M15 3h4a2 2 0 0 1 2 2v14a2 2 0 0 1-2 2h-4m-5-4l5-5l-5-5m5 5H3\"/>"
		},
		"log-out": {
			"body": "<path fill=\"none\" stroke=\"currentColor\" stroke-linecap=\"round\" stroke-linejoin=\"round\" stroke-width=\"2\" d=\"M9 21H5a2 2 0 0 1-2-2V5a2 2 0 0 1 2-2h4m7 14l5-5l-5-5m5 5H9\"/>"
		},
		"mail": {
			"body": "<g fill=\"none\" stroke=\"currentColor\" stroke-linecap=\"round\" stroke-linejoin=\"round\" stroke-width=\"2\"><path d=\"M4 4h16c1.1 0 2 .9 2 2v12c0 1.1-.9 2-2 2H4c-1.1 0-2-.9-2-2V6c0-1.1.9-2 2-2\"/><path d=\"m22 6l-10 7L2 6\"/></g>"
		},
		"map": {
			"body": "<path fill=\"none\" stroke=\"currentColor\" stroke-linecap=\"round\" stroke-linejoin=\"round\" stroke-width=\"2\" d=\"M1 6v16l7-4l8 4l7-4V2l-7 4l-8-4zm7-4v16m8-12v16\"/>"
		},
		"map-pin": {
			"body": "<g fill=\"none\" stroke=\"currentColor\" stroke-linecap=\"round\" stroke-linejoin=\"round\" stroke-width=\"2\"><path d=\"M21 10c0 7-9 13-9 13s-9-6-9-13a9 9 0 0 1 18 0\"/><circle cx=\"12\" cy=\"10\" r=\"3\"/></g>"
		},
		"maximize": {
			"body": "<path fill=\"none\" stroke=\"currentColor\" stroke-linecap=\"round\" stroke-linejoin=\"round\" stroke-width=\"2\" d=\"M8 3H5a2 2 0 0 0-2 2v3m18 0V5a2 2 0 0 0-2-2h-3m0 18h3a2 2 0 0 0 2-2v-3M3 16v3a2 2 0 0 0 2 2h3\"/>"
		},
		"maximize-2": {
			"body": "<path fill=\"none\" stroke=\"currentColor\" stroke-linecap=\"round\" stroke-linejoin=\"round\" stroke-width=\"2\" d=\"M15 3h6v6M9 21H3v-6M21 3l-7 7M3 21l7-7\"/>"
		},
		"meh": {
			"body": "<g fill=\"none\" stroke=\"currentColor\" stroke-linecap=\"round\" stroke-linejoin=\"round\" stroke-width=\"2\"><circle cx=\"12\" cy=\"12\" r=\"10\"/><path d=\"M8 15h8M9 9h.01M15 9h.01\"/></g>"
		},
		"menu": {
			"body": "<path fill=\"none\" stroke=\"currentColor\" stroke-linecap=\"round\" stroke-linejoin=\"round\" stroke-width=\"2\" d=\"M3 12h18M3 6h18M3 18h18\"/>"
		},
		"message-circle": {
			"body": "<path fill=\"none\" stroke=\"currentColor\" stroke-linecap=\"round\" stroke-linejoin=\"round\" stroke-width=\"2\" d=\"M21 11.5a8.4 8.4 0 0 1-.9 3.8a8.5 8.5 0 0 1-7.6 4.7a8.4 8.4 0 0 1-3.8-.9L3 21l1.9-5.7a8.4 8.4 0 0 1-.9-3.8a8.5 8.5 0 0 1 4.7-7.6a8.4 8.4 0 0 1 3.8-.9h.5a8.48 8.48 0 0 1 8 8z\"/>"
		},
		"message-square": {
			"body": "<path fill=\"none\" stroke=\"currentColor\" stroke-linecap=\"round\" stroke-linejoin=\"round\" stroke-width=\"2\" d=\"M21 15a2 2 0 0 1-2 2H7l-4 4V5a2 2 0 0 1 2-2h14a2 2 0 0 1 2 2z\"/>"
		},
		"mic": {
			"body": "<g fill=\"none\" stroke=\"currentColor\" stroke-linecap=\"round\" stroke-linejoin=\"round\" stroke-width=\"2\"><path d=\"M12 1a3 3 0 0 0-3 3v8a3 3 0 0 0 6 0V4a3 3 0 0 0-3-3\"/><path d=\"M19 10v2a7 7 0 0 1-14 0v-2m7 9v4m-4 0h8\"/></g>"
		},
		"mic-off": {
			"body": "<g fill=\"none\" stroke=\"currentColor\" stroke-linecap=\"round\" stroke-linejoin=\"round\" stroke-width=\"2\"><path d=\"m1 1l22 22M9 9v3a3 3 0 0 0 5.12 2.12M15 9.34V4a3 3 0 0 0-5.94-.6\"/><path d=\"M17 16.95A7 7 0 0 1 5 12v-2m14 0v2a7 7 0 0 1-.11 1.23M12 19v4m-4 0h8\"/></g>"
		},
		"minimize": {
			"body": "<path fill=\"none\" stroke=\"currentColor\" stroke-linecap=\"round\" stroke-linejoin=\"round\" stroke-width=\"2\" d=\"M8 3v3a2 2 0 0 1-2 2H3m18 0h-3a2 2 0 0 1-2-2V3m0 18v-3a2 2 0 0 1 2-2h3M3 16h3a2 2 0 0 1 2 2v3\"/>"
		},
		"minimize-2": {
			"body": "<path fill=\"none\" stroke=\"currentColor\" stroke-linecap=\"round\" stroke-linejoin=\"round\" stroke-width=\"2\" d=\"M4 14h6v6m10-10h-6V4m0 6l7-7M3 21l7-7\"/>"
		},
		"minus": {
			"body": "<path fill=\"none\" stroke=\"currentColor\" stroke-linecap=\"round\" stroke-linejoin=\"round\" stroke-width=\"2\" d=\"M5 12h14\"/>"
		},
		"minus-circle": {
			"body": "<g fill=\"none\" stroke=\"currentColor\" stroke-linecap=\"round\" stroke-linejoin=\"round\" stroke-width=\"2\"><circle cx=\"12\" cy=\"12\" r=\"10\"/><path d=\"M8 12h8\"/></g>"
		},
		"minus-square": {
			"body": "<g fill=\"none\" stroke=\"currentColor\" stroke-linecap=\"round\" stroke-linejoin=\"round\" stroke-width=\"2\"><rect width=\"18\" height=\"18\" x=\"3\" y=\"3\" rx=\"2\" ry=\"2\"/><path d=\"M8 12h8\"/></g>"
		},
		"monitor": {
			"body": "<g fill=\"none\" stroke=\"currentColor\" stroke-linecap=\"round\" stroke-linejoin=\"round\" stroke-width=\"2\"><rect width=\"20\" height=\"14\" x=\"2\" y=\"3\" rx=\"2\" ry=\"2\"/><path d=\"M8 21h8m-4-4v4\"/></g>"
		},
		"moon": {
			"body": "<path fill=\"none\" stroke=\"currentColor\" stroke-linecap=\"round\" stroke-linejoin=\"round\" stroke-width=\"2\" d=\"M21 12.79A9 9 0 1 1 11.21 3A7 7 0 0 0 21 12.79\"/>"
		},
		"more-horizontal": {
			"body": "<g fill=\"none\" stroke=\"currentColor\" stroke-linecap=\"round\" stroke-linejoin=\"round\" stroke-width=\"2\"><circle cx=\"12\" cy=\"12\" r=\"1\"/><circle cx=\"19\" cy=\"12\" r=\"1\"/><circle cx=\"5\" cy=\"12\" r=\"1\"/></g>"
		},
		"more-vertical": {
			"body": "<g fill=\"none\" stroke=\"currentColor\" stroke-linecap=\"round\" stroke-linejoin=\"round\" stroke-width=\"2\"><circle cx=\"12\" cy=\"12\" r=\"1\"/><circle cx=\"12\" cy=\"5\" r=\"1\"/><circle cx=\"12\" cy=\"19\" r=\"1\"/></g>"
		},
		"mouse-pointer": {
			"body": "<path fill=\"none\" stroke=\"currentColor\" stroke-linecap=\"round\" stroke-linejoin=\"round\" stroke-width=\"2\" d=\"m3 3l7.07 16.97l2.51-7.39l7.39-2.51zm10 10l6 6\"/>"
		},
		"move": {
			"body": "<path fill=\"none\" stroke=\"currentColor\" stroke-linecap=\"round\" stroke-linejoin=\"round\" stroke-width=\"2\" d=\"m5 9l-3 3l3 3M9 5l3-3l3 3m0 14l-3 3l-3-3M19 9l3 3l-3 3M2 12h20M12 2v20\"/>"
		},
		"music": {
			"body": "<g fill=\"none\" stroke=\"currentColor\" stroke-linecap=\"round\" stroke-linejoin=\"round\" stroke-width=\"2\"><path d=\"M9 18V5l12-2v13\"/><circle cx=\"6\" cy=\"18\" r=\"3\"/><circle cx=\"18\" cy=\"16\" r=\"3\"/></g>"
		},
		"navigation": {
			"body": "<path fill=\"none\" stroke=\"currentColor\" stroke-linecap=\"round\" stroke-linejoin=\"round\" stroke-width=\"2\" d=\"m3 11l19-9l-9 19l-2-8z\"/>"
		},
		"navigation-2": {
			"body": "<path fill=\"none\" stroke=\"currentColor\" stroke-linecap=\"round\" stroke-linejoin=\"round\" stroke-width=\"2\" d=\"m12 2l7 19l-7-4l-7 4z\"/>"
		},
		"octagon": {
			"body": "<path fill=\"none\" stroke=\"currentColor\" stroke-linecap=\"round\" stroke-linejoin=\"round\" stroke-width=\"2\" d=\"M7.86 2h8.28L22 7.86v8.28L16.14 22H7.86L2 16.14V7.86z\"/>"
		},
		"package": {
			"body": "<g fill=\"none\" stroke=\"currentColor\" stroke-linecap=\"round\" stroke-linejoin=\"round\" stroke-width=\"2\"><path d=\"m16.5 9.4l-9-5.19M21 16V8a2 2 0 0 0-1-1.73l-7-4a2 2 0 0 0-2 0l-7 4A2 2 0 0 0 3 8v8a2 2 0 0 0 1 1.73l7 4a2 2 0 0 0 2 0l7-4A2 2 0 0 0 21 16\"/><path d=\"M3.27 6.96L12 12.01l8.73-5.05M12 22.08V12\"/></g>"
		},
		"paperclip": {
			"body": "<path fill=\"none\" stroke=\"currentColor\" stroke-linecap=\"round\" stroke-linejoin=\"round\" stroke-width=\"2\" d=\"m21.44 11.05l-9.19 9.19a6 6 0 0 1-8.49-8.49l9.19-9.19a4 4 0 0 1 5.66 5.66l-9.2 9.19a2 2 0 0 1-2.83-2.83l8.49-8.48\"/>"
		},
		"pause": {
			"body": "<path fill=\"none\" stroke=\"currentColor\" stroke-linecap=\"round\" stroke-linejoin=\"round\" stroke-width=\"2\" d=\"M6 4h4v16H6zm8 0h4v16h-4z\"/>"
		},
		"pause-circle": {
			"body": "<g fill=\"none\" stroke=\"currentColor\" stroke-linecap=\"round\" stroke-linejoin=\"round\" stroke-width=\"2\"><circle cx=\"12\" cy=\"12\" r=\"10\"/><path d=\"M10 15V9m4 6V9\"/></g>"
		},
		"pen-tool": {
			"body": "<g fill=\"none\" stroke=\"currentColor\" stroke-linecap=\"round\" stroke-linejoin=\"round\" stroke-width=\"2\"><path d=\"m12 19l7-7l3 3l-7 7z\"/><path d=\"m18 13l-1.5-7.5L2 2l3.5 14.5L13 18zM2 2l7.586 7.586\"/><circle cx=\"11\" cy=\"11\" r=\"2\"/></g>"
		},
		"percent": {
			"body": "<g fill=\"none\" stroke=\"currentColor\" stroke-linecap=\"round\" stroke-linejoin=\"round\" stroke-width=\"2\"><path d=\"M19 5L5 19\"/><circle cx=\"6.5\" cy=\"6.5\" r=\"2.5\"/><circle cx=\"17.5\" cy=\"17.5\" r=\"2.5\"/></g>"
		},
		"phone": {
			"body": "<path fill=\"none\" stroke=\"currentColor\" stroke-linecap=\"round\" stroke-linejoin=\"round\" stroke-width=\"2\" d=\"M22 16.92v3a2 2 0 0 1-2.18 2a19.8 19.8 0 0 1-8.63-3.07a19.5 19.5 0 0 1-6-6a19.8 19.8 0 0 1-3.07-8.67A2 2 0 0 1 4.11 2h3a2 2 0 0 1 2 1.72a12.8 12.8 0 0 0 .7 2.81a2 2 0 0 1-.45 2.11L8.09 9.91a16 16 0 0 0 6 6l1.27-1.27a2 2 0 0 1 2.11-.45a12.8 12.8 0 0 0 2.81.7A2 2 0 0 1 22 16.92\"/>"
		},
		"phone-call": {
			"body": "<path fill=\"none\" stroke=\"currentColor\" stroke-linecap=\"round\" stroke-linejoin=\"round\" stroke-width=\"2\" d=\"M15.05 5A5 5 0 0 1 19 8.95M15.05 1A9 9 0 0 1 23 8.94m-1 7.98v3a2 2 0 0 1-2.18 2a19.8 19.8 0 0 1-8.63-3.07a19.5 19.5 0 0 1-6-6a19.8 19.8 0 0 1-3.07-8.67A2 2 0 0 1 4.11 2h3a2 2 0 0 1 2 1.72a12.8 12.8 0 0 0 .7 2.81a2 2 0 0 1-.45 2.11L8.09 9.91a16 16 0 0 0 6 6l1.27-1.27a2 2 0 0 1 2.11-.45a12.8 12.8 0 0 0 2.81.7A2 2 0 0 1 22 16.92\"/>"
		},
		"phone-forwarded": {
			"body": "<path fill=\"none\" stroke=\"currentColor\" stroke-linecap=\"round\" stroke-linejoin=\"round\" stroke-width=\"2\" d=\"m19 1l4 4l-4 4m-4-4h8m-1 11.92v3a2 2 0 0 1-2.18 2a19.8 19.8 0 0 1-8.63-3.07a19.5 19.5 0 0 1-6-6a19.8 19.8 0 0 1-3.07-8.67A2 2 0 0 1 4.11 2h3a2 2 0 0 1 2 1.72a12.8 12.8 0 0 0 .7 2.81a2 2 0 0 1-.45 2.11L8.09 9.91a16 16 0 0 0 6 6l1.27-1.27a2 2 0 0 1 2.11-.45a12.8 12.8 0 0 0 2.81.7A2 2 0 0 1 22 16.92\"/>"
		},
		"phone-incoming": {
			"body": "<path fill=\"none\" stroke=\"currentColor\" stroke-linecap=\"round\" stroke-linejoin=\"round\" stroke-width=\"2\" d=\"M16 2v6h6m1-7l-7 7m6 8.92v3a2 2 0 0 1-2.18 2a19.8 19.8 0 0 1-8.63-3.07a19.5 19.5 0 0 1-6-6a19.8 19.8 0 0 1-3.07-8.67A2 2 0 0 1 4.11 2h3a2 2 0 0 1 2 1.72a12.8 12.8 0 0 0 .7 2.81a2 2 0 0 1-.45 2.11L8.09 9.91a16 16 0 0 0 6 6l1.27-1.27a2 2 0 0 1 2.11-.45a12.8 12.8 0 0 0 2.81.7A2 2 0 0 1 22 16.92\"/>"
		},
		"phone-missed": {
			"body": "<path fill=\"none\" stroke=\"currentColor\" stroke-linecap=\"round\" stroke-linejoin=\"round\" stroke-width=\"2\" d=\"m23 1l-6 6m0-6l6 6m-1 9.92v3a2 2 0 0 1-2.18 2a19.8 19.8 0 0 1-8.63-3.07a19.5 19.5 0 0 1-6-6a19.8 19.8 0 0 1-3.07-8.67A2 2 0 0 1 4.11 2h3a2 2 0 0 1 2 1.72a12.8 12.8 0 0 0 .7 2.81a2 2 0 0 1-.45 2.11L8.09 9.91a16 16 0 0 0 6 6l1.27-1.27a2 2 0 0 1 2.11-.45a12.8 12.8 0 0 0 2.81.7A2 2 0 0 1 22 16.92\"/>"
		},
		"phone-off": {
			"body": "<path fill=\"none\" stroke=\"currentColor\" stroke-linecap=\"round\" stroke-linejoin=\"round\" stroke-width=\"2\" d=\"M10.68 13.31a16 16 0 0 0 3.41 2.6l1.27-1.27a2 2 0 0 1 2.11-.45a12.8 12.8 0 0 0 2.81.7a2 2 0 0 1 1.72 2v3a2 2 0 0 1-2.18 2a19.8 19.8 0 0 1-8.63-3.07a19.4 19.4 0 0 1-3.33-2.67m-2.67-3.34a19.8 19.8 0 0 1-3.07-8.63A2 2 0 0 1 4.11 2h3a2 2 0 0 1 2 1.72a12.8 12.8 0 0 0 .7 2.81a2 2 0 0 1-.45 2.11L8.09 9.91M23 1L1 23\"/>"
		},
		"phone-outgoing": {
			"body": "<path fill=\"none\" stroke=\"currentColor\" stroke-linecap=\"round\" stroke-linejoin=\"round\" stroke-width=\"2\" d=\"M23 7V1h-6m-1 7l7-7m-1 15.92v3a2 2 0 0 1-2.18 2a19.8 19.8 0 0 1-8.63-3.07a19.5 19.5 0 0 1-6-6a19.8 19.8 0 0 1-3.07-8.67A2 2 0 0 1 4.11 2h3a2 2 0 0 1 2 1.72a12.8 12.8 0 0 0 .7 2.81a2 2 0 0 1-.45 2.11L8.09 9.91a16 16 0 0 0 6 6l1.27-1.27a2 2 0 0 1 2.11-.45a12.8 12.8 0 0 0 2.81.7A2 2 0 0 1 22 16.92\"/>"
		},
		"pie-chart": {
			"body": "<g fill=\"none\" stroke=\"currentColor\" stroke-linecap=\"round\" stroke-linejoin=\"round\" stroke-width=\"2\"><path d=\"M21.21 15.89A10 10 0 1 1 8 2.83\"/><path d=\"M22 12A10 10 0 0 0 12 2v10z\"/></g>"
		},
		"play": {
			"body": "<path fill=\"none\" stroke=\"currentColor\" stroke-linecap=\"round\" stroke-linejoin=\"round\" stroke-width=\"2\" d=\"m5 3l14 9l-14 9z\"/>"
		},
		"play-circle": {
			"body": "<g fill=\"none\" stroke=\"currentColor\" stroke-linecap=\"round\" stroke-linejoin=\"round\" stroke-width=\"2\"><circle cx=\"12\" cy=\"12\" r=\"10\"/><path d=\"m10 8l6 4l-6 4z\"/></g>"
		},
		"plus": {
			"body": "<path fill=\"none\" stroke=\"currentColor\" stroke-linecap=\"round\" stroke-linejoin=\"round\" stroke-width=\"2\" d=\"M12 5v14m-7-7h14\"/>"
		},
		"plus-circle": {
			"body": "<g fill=\"none\" stroke=\"currentColor\" stroke-linecap=\"round\" stroke-linejoin=\"round\" stroke-width=\"2\"><circle cx=\"12\" cy=\"12\" r=\"10\"/><path d=\"M12 8v8m-4-4h8\"/></g>"
		},
		"plus-square": {
			"body": "<g fill=\"none\" stroke=\"currentColor\" stroke-linecap=\"round\" stroke-linejoin=\"round\" stroke-width=\"2\"><rect width=\"18\" height=\"18\" x=\"3\" y=\"3\" rx=\"2\" ry=\"2\"/><path d=\"M12 8v8m-4-4h8\"/></g>"
		},
		"pocket": {
			"body": "<g fill=\"none\" stroke=\"currentColor\" stroke-linecap=\"round\" stroke-linejoin=\"round\" stroke-width=\"2\"><path d=\"M4 3h16a2 2 0 0 1 2 2v6a10 10 0 0 1-10 10A10 10 0 0 1 2 11V5a2 2 0 0 1 2-2\"/><path d=\"m8 10l4 4l4-4\"/></g>"
		},
		"power": {
			"body": "<path fill=\"none\" stroke=\"currentColor\" stroke-linecap=\"round\" stroke-linejoin=\"round\" stroke-width=\"2\" d=\"M18.36 6.64a9 9 0 1 1-12.73 0M12 2v10\"/>"
		},
		"printer": {
			"body": "<g fill=\"none\" stroke=\"currentColor\" stroke-linecap=\"round\" stroke-linejoin=\"round\" stroke-width=\"2\"><path d=\"M6 9V2h12v7M6 18H4a2 2 0 0 1-2-2v-5a2 2 0 0 1 2-2h16a2 2 0 0 1 2 2v5a2 2 0 0 1-2 2h-2\"/><path d=\"M6 14h12v8H6z\"/></g>"
		},
		"radio": {
			"body": "<g fill=\"none\" stroke=\"currentColor\" stroke-linecap=\"round\" stroke-linejoin=\"round\" stroke-width=\"2\"><circle cx=\"12\" cy=\"12\" r=\"2\"/><path d=\"M16.24 7.76a6 6 0 0 1 0 8.49m-8.48-.01a6 6 0 0 1 0-8.49m11.31-2.82a10 10 0 0 1 0 14.14m-14.14 0a10 10 0 0 1 0-14.14\"/></g>"
		},
		"refresh-ccw": {
			"body": "<g fill=\"none\" stroke=\"currentColor\" stroke-linecap=\"round\" stroke-linejoin=\"round\" stroke-width=\"2\"><path d=\"M1 4v6h6m16 10v-6h-6\"/><path d=\"M20.49 9A9 9 0 0 0 5.64 5.64L1 10m22 4l-4.64 4.36A9 9 0 0 1 3.51 15\"/></g>"
		},
		"refresh-cw": {
			"body": "<g fill=\"none\" stroke=\"currentColor\" stroke-linecap=\"round\" stroke-linejoin=\"round\" stroke-width=\"2\"><path d=\"M23 4v6h-6M1 20v-6h6\"/><path d=\"M3.51 9a9 9 0 0 1 14.85-3.36L23 10M1 14l4.64 4.36A9 9 0 0 0 20.49 15\"/></g>"
		},
		"repeat": {
			"body": "<g fill=\"none\" stroke=\"currentColor\" stroke-linecap=\"round\" stroke-linejoin=\"round\" stroke-width=\"2\"><path d=\"m17 1l4 4l-4 4\"/><path d=\"M3 11V9a4 4 0 0 1 4-4h14M7 23l-4-4l4-4\"/><path d=\"M21 13v2a4 4 0 0 1-4 4H3\"/></g>"
		},
		"rewind": {
			"body": "<path fill=\"none\" stroke=\"currentColor\" stroke-linecap=\"round\" stroke-linejoin=\"round\" stroke-width=\"2\" d=\"m11 19l-9-7l9-7zm11 0l-9-7l9-7z\"/>"
		},
		"rotate-ccw": {
			"body": "<g fill=\"none\" stroke=\"currentColor\" stroke-linecap=\"round\" stroke-linejoin=\"round\" stroke-width=\"2\"><path d=\"M1 4v6h6\"/><path d=\"M3.51 15a9 9 0 1 0 2.13-9.36L1 10\"/></g>"
		},
		"rotate-cw": {
			"body": "<g fill=\"none\" stroke=\"currentColor\" stroke-linecap=\"round\" stroke-linejoin=\"round\" stroke-width=\"2\"><path d=\"M23 4v6h-6\"/><path d=\"M20.49 15a9 9 0 1 1-2.12-9.36L23 10\"/></g>"
		},
		"rss": {
			"body": "<g fill=\"none\" stroke=\"currentColor\" stroke-linecap=\"round\" stroke-linejoin=\"round\" stroke-width=\"2\"><path d=\"M4 11a9 9 0 0 1 9 9M4 4a16 16 0 0 1 16 16\"/><circle cx=\"5\" cy=\"19\" r=\"1\"/></g>"
		},
		"save": {
			"body": "<g fill=\"none\" stroke=\"currentColor\" stroke-linecap=\"round\" stroke-linejoin=\"round\" stroke-width=\"2\"><path d=\"M19 21H5a2 2 0 0 1-2-2V5a2 2 0 0 1 2-2h11l5 5v11a2 2 0 0 1-2 2\"/><path d=\"M17 21v-8H7v8M7 3v5h8\"/></g>"
		},
		"scissors": {
			"body": "<g fill=\"none\" stroke=\"currentColor\" stroke-linecap=\"round\" stroke-linejoin=\"round\" stroke-width=\"2\"><circle cx=\"6\" cy=\"6\" r=\"3\"/><circle cx=\"6\" cy=\"18\" r=\"3\"/><path d=\"M20 4L8.12 15.88m6.35-1.4L20 20M8.12 8.12L12 12\"/></g>"
		},
		"search": {
			"body": "<g fill=\"none\" stroke=\"currentColor\" stroke-linecap=\"round\" stroke-linejoin=\"round\" stroke-width=\"2\"><circle cx=\"11\" cy=\"11\" r=\"8\"/><path d=\"m21 21l-4.35-4.35\"/></g>"
		},
		"send": {
			"body": "<path fill=\"none\" stroke=\"currentColor\" stroke-linecap=\"round\" stroke-linejoin=\"round\" stroke-width=\"2\" d=\"M22 2L11 13M22 2l-7 20l-4-9l-9-4z\"/>"
		},
		"server": {
			"body": "<g fill=\"none\" stroke=\"currentColor\" stroke-linecap=\"round\" stroke-linejoin=\"round\" stroke-width=\"2\"><rect width=\"20\" height=\"8\" x=\"2\" y=\"2\" rx=\"2\" ry=\"2\"/><rect width=\"20\" height=\"8\" x=\"2\" y=\"14\" rx=\"2\" ry=\"2\"/><path d=\"M6 6h.01M6 18h.01\"/></g>"
		},
		"settings": {
			"body": "<g fill=\"none\" stroke=\"currentColor\" stroke-linecap=\"round\" stroke-linejoin=\"round\" stroke-width=\"2\"><circle cx=\"12\" cy=\"12\" r=\"3\"/><path d=\"M19.4 15a1.65 1.65 0 0 0 .33 1.82l.06.06a2 2 0 0 1 0 2.83a2 2 0 0 1-2.83 0l-.06-.06a1.65 1.65 0 0 0-1.82-.33a1.65 1.65 0 0 0-1 1.51V21a2 2 0 0 1-2 2a2 2 0 0 1-2-2v-.09A1.65 1.65 0 0 0 9 19.4a1.65 1.65 0 0 0-1.82.33l-.06.06a2 2 0 0 1-2.83 0a2 2 0 0 1 0-2.83l.06-.06a1.65 1.65 0 0 0 .33-1.82a1.65 1.65 0 0 0-1.51-1H3a2 2 0 0 1-2-2a2 2 0 0 1 2-2h.09A1.65 1.65 0 0 0 4.6 9a1.65 1.65 0 0 0-.33-1.82l-.06-.06a2 2 0 0 1 0-2.83a2 2 0 0 1 2.83 0l.06.06a1.65 1.65 0 0 0 1.82.33H9a1.65 1.65 0 0 0 1-1.51V3a2 2 0 0 1 2-2a2 2 0 0 1 2 2v.09a1.65 1.65 0 0 0 1 1.51a1.65 1.65 0 0 0 1.82-.33l.06-.06a2 2 0 0 1 2.83 0a2 2 0 0 1 0 2.83l-.06.06a1.65 1.65 0 0 0-.33 1.82V9a1.65 1.65 0 0 0 1.51 1H21a2 2 0 0 1 2 2a2 2 0 0 1-2 2h-.09a1.65 1.65 0 0 0-1.51 1\"/></g>"
		},
		"share": {
			"body": "<path fill=\"none\" stroke=\"currentColor\" stroke-linecap=\"round\" stroke-linejoin=\"round\" stroke-width=\"2\" d=\"M4 12v8a2 2 0 0 0 2 2h12a2 2 0 0 0 2-2v-8m-4-6l-4-4l-4 4m4-4v13\"/>"
		},
		"share-2": {
			"body": "<g fill=\"none\" stroke=\"currentColor\" stroke-linecap=\"round\" stroke-linejoin=\"round\" stroke-width=\"2\"><circle cx=\"18\" cy=\"5\" r=\"3\"/><circle cx=\"6\" cy=\"12\" r=\"3\"/><circle cx=\"18\" cy=\"19\" r=\"3\"/><path d=\"m8.59 13.51l6.83 3.98m-.01-10.98l-6.82 3.98\"/></g>"
		},
		"shield": {
			"body": "<path fill=\"none\" stroke=\"currentColor\" stroke-linecap=\"round\" stroke-linejoin=\"round\" stroke-width=\"2\" d=\"M12 22s8-4 8-10V5l-8-3l-8 3v7c0 6 8 10 8 10\"/>"
		},
		"shield-off": {
			"body": "<path fill=\"none\" stroke=\"currentColor\" stroke-linecap=\"round\" stroke-linejoin=\"round\" stroke-width=\"2\" d=\"M19.69 14a6.9 6.9 0 0 0 .31-2V5l-8-3l-3.16 1.18M4.73 4.73L4 5v7c0 6 8 10 8 10a20.3 20.3 0 0 0 5.62-4.38M1 1l22 22\"/>"
		},
		"shopping-bag": {
			"body": "<g fill=\"none\" stroke=\"currentColor\" stroke-linecap=\"round\" stroke-linejoin=\"round\" stroke-width=\"2\"><path d=\"M6 2L3 6v14a2 2 0 0 0 2 2h14a2 2 0 0 0 2-2V6l-3-4zM3 6h18\"/><path d=\"M16 10a4 4 0 0 1-8 0\"/></g>"
		},
		"shopping-cart": {
			"body": "<g fill=\"none\" stroke=\"currentColor\" stroke-linecap=\"round\" stroke-linejoin=\"round\" stroke-width=\"2\"><circle cx=\"9\" cy=\"21\" r=\"1\"/><circle cx=\"20\" cy=\"21\" r=\"1\"/><path d=\"M1 1h4l2.68 13.39a2 2 0 0 0 2 1.61h9.72a2 2 0 0 0 2-1.61L23 6H6\"/></g>"
		},
		"shuffle": {
			"body": "<path fill=\"none\" stroke=\"currentColor\" stroke-linecap=\"round\" stroke-linejoin=\"round\" stroke-width=\"2\" d=\"M16 3h5v5M4 20L21 3m0 13v5h-5m-1-6l6 6M4 4l5 5\"/>"
		},
		"sidebar": {
			"body": "<g fill=\"none\" stroke=\"currentColor\" stroke-linecap=\"round\" stroke-linejoin=\"round\" stroke-width=\"2\"><rect width=\"18\" height=\"18\" x=\"3\" y=\"3\" rx=\"2\" ry=\"2\"/><path d=\"M9 3v18\"/></g>"
		},
		"skip-back": {
			"body": "<path fill=\"none\" stroke=\"currentColor\" stroke-linecap=\"round\" stroke-linejoin=\"round\" stroke-width=\"2\" d=\"M19 20L9 12l10-8zM5 19V5\"/>"
		},
		"skip-forward": {
			"body": "<path fill=\"none\" stroke=\"currentColor\" stroke-linecap=\"round\" stroke-linejoin=\"round\" stroke-width=\"2\" d=\"m5 4l10 8l-10 8zm14 1v14\"/>"
		},
		"slack": {
			"body": "<path fill=\"none\" stroke=\"currentColor\" stroke-linecap=\"round\" stroke-linejoin=\"round\" stroke-width=\"2\" d=\"M14.5 10c-.83 0-1.5-.67-1.5-1.5v-5c0-.83.67-1.5 1.5-1.5s1.5.67 1.5 1.5v5c0 .83-.67 1.5-1.5 1.5m6 0H19V8.5c0-.83.67-1.5 1.5-1.5s1.5.67 1.5 1.5s-.67 1.5-1.5 1.5m-11 4c.83 0 1.5.67 1.5 1.5v5c0 .83-.67 1.5-1.5 1.5S8 21.33 8 20.5v-5c0-.83.67-1.5 1.5-1.5m-6 0H5v1.5c0 .83-.67 1.5-1.5 1.5S2 16.33 2 15.5S2.67 14 3.5 14m10.5.5c0-.83.67-1.5 1.5-1.5h5c.83 0 1.5.67 1.5 1.5s-.67 1.5-1.5 1.5h-5c-.83 0-1.5-.67-1.5-1.5m1.5 4.5H14v1.5c0 .83.67 1.5 1.5 1.5s1.5-.67 1.5-1.5s-.67-1.5-1.5-1.5M10 9.5C10 8.67 9.33 8 8.5 8h-5C2.67 8 2 8.67 2 9.5S2.67 11 3.5 11h5c.83 0 1.5-.67 1.5-1.5M8.5 5H10V3.5C10 2.67 9.33 2 8.5 2S7 2.67 7 3.5S7.67 5 8.5 5\"/>"
		},
		"slash": {
			"body": "<g fill=\"none\" stroke=\"currentColor\" stroke-linecap=\"round\" stroke-linejoin=\"round\" stroke-width=\"2\"><circle cx=\"12\" cy=\"12\" r=\"10\"/><path d=\"m4.93 4.93l14.14 14.14\"/></g>"
		},
		"sliders": {
			"body": "<path fill=\"none\" stroke=\"currentColor\" stroke-linecap=\"round\" stroke-linejoin=\"round\" stroke-width=\"2\" d=\"M4 21v-7m0-4V3m8 18v-9m0-4V3m8 18v-5m0-4V3M1 14h6m2-6h6m2 8h6\"/>"
		},
		"smartphone": {
			"body": "<g fill=\"none\" stroke=\"currentColor\" stroke-linecap=\"round\" stroke-linejoin=\"round\" stroke-width=\"2\"><rect width=\"14\" height=\"20\" x=\"5\" y=\"2\" rx=\"2\" ry=\"2\"/><path d=\"M12 18h.01\"/></g>"
		},
		"smile": {
			"body": "<g fill=\"none\" stroke=\"currentColor\" stroke-linecap=\"round\" stroke-linejoin=\"round\" stroke-width=\"2\"><circle cx=\"12\" cy=\"12\" r=\"10\"/><path d=\"M8 14s1.5 2 4 2s4-2 4-2M9 9h.01M15 9h.01\"/></g>"
		},
		"speaker": {
			"body": "<g fill=\"none\" stroke=\"currentColor\" stroke-linecap=\"round\" stroke-linejoin=\"round\" stroke-width=\"2\"><rect width=\"16\" height=\"20\" x=\"4\" y=\"2\" rx=\"2\" ry=\"2\"/><circle cx=\"12\" cy=\"14\" r=\"4\"/><path d=\"M12 6h.01\"/></g>"
		},
		"square": {
			"body": "<rect width=\"18\" height=\"18\" x=\"3\" y=\"3\" fill=\"none\" stroke=\"currentColor\" stroke-linecap=\"round\" stroke-linejoin=\"round\" stroke-width=\"2\" rx=\"2\" ry=\"2\"/>"
		},
		"star": {
			"body": "<path fill=\"none\" stroke=\"currentColor\" stroke-linecap=\"round\" stroke-linejoin=\"round\" stroke-width=\"2\" d=\"m12 2l3.09 6.26L22 9.27l-5 4.87l1.18 6.88L12 17.77l-6.18 3.25L7 14.14L2 9.27l6.91-1.01z\"/>"
		},
		"stop-circle": {
			"body": "<g fill=\"none\" stroke=\"currentColor\" stroke-linecap=\"round\" stroke-linejoin=\"round\" stroke-width=\"2\"><circle cx=\"12\" cy=\"12\" r=\"10\"/><path d=\"M9 9h6v6H9z\"/></g>"
		},
		"sun": {
			"body": "<g fill=\"none\" stroke=\"currentColor\" stroke-linecap=\"round\" stroke-linejoin=\"round\" stroke-width=\"2\"><circle cx=\"12\" cy=\"12\" r=\"5\"/><path d=\"M12 1v2m0 18v2M4.22 4.22l1.42 1.42m12.72 12.72l1.42 1.42M1 12h2m18 0h2M4.22 19.78l1.42-1.42M18.36 5.64l1.42-1.42\"/></g>"
		},
		"sunrise": {
			"body": "<path fill=\"none\" stroke=\"currentColor\" stroke-linecap=\"round\" stroke-linejoin=\"round\" stroke-width=\"2\" d=\"M17 18a5 5 0 0 0-10 0m5-16v7m-7.78 1.22l1.42 1.42M1 18h2m18 0h2m-4.64-6.36l1.42-1.42M23 22H1M8 6l4-4l4 4\"/>"
		},
		"sunset": {
			"body": "<path fill=\"none\" stroke=\"currentColor\" stroke-linecap=\"round\" stroke-linejoin=\"round\" stroke-width=\"2\" d=\"M17 18a5 5 0 0 0-10 0m5-9V2m-7.78 8.22l1.42 1.42M1 18h2m18 0h2m-4.64-6.36l1.42-1.42M23 22H1M16 5l-4 4l-4-4\"/>"
		},
		"tablet": {
			"body": "<g fill=\"none\" stroke=\"currentColor\" stroke-linecap=\"round\" stroke-linejoin=\"round\" stroke-width=\"2\"><rect width=\"16\" height=\"20\" x=\"4\" y=\"2\" rx=\"2\" ry=\"2\"/><path d=\"M12 18h.01\"/></g>"
		},
		"tag": {
			"body": "<path fill=\"none\" stroke=\"currentColor\" stroke-linecap=\"round\" stroke-linejoin=\"round\" stroke-width=\"2\" d=\"m20.59 13.41l-7.17 7.17a2 2 0 0 1-2.83 0L2 12V2h10l8.59 8.59a2 2 0 0 1 0 2.82M7 7h.01\"/>"
		},
		"target": {
			"body": "<g fill=\"none\" stroke=\"currentColor\" stroke-linecap=\"round\" stroke-linejoin=\"round\" stroke-width=\"2\"><circle cx=\"12\" cy=\"12\" r=\"10\"/><circle cx=\"12\" cy=\"12\" r=\"6\"/><circle cx=\"12\" cy=\"12\" r=\"2\"/></g>"
		},
		"terminal": {
			"body": "<path fill=\"none\" stroke=\"currentColor\" stroke-linecap=\"round\" stroke-linejoin=\"round\" stroke-width=\"2\" d=\"m4 17l6-6l-6-6m8 14h8\"/>"
		},
		"thermometer": {
			"body": "<path fill=\"none\" stroke=\"currentColor\" stroke-linecap=\"round\" stroke-linejoin=\"round\" stroke-width=\"2\" d=\"M14 14.76V3.5a2.5 2.5 0 0 0-5 0v11.26a4.5 4.5 0 1 0 5 0\"/>"
		},
		"thumbs-down": {
			"body": "<path fill=\"none\" stroke=\"currentColor\" stroke-linecap=\"round\" stroke-linejoin=\"round\" stroke-width=\"2\" d=\"M10 15v4a3 3 0 0 0 3 3l4-9V2H5.72a2 2 0 0 0-2 1.7l-1.38 9a2 2 0 0 0 2 2.3zm7-13h2.67A2.31 2.31 0 0 1 22 4v7a2.31 2.31 0 0 1-2.33 2H17\"/>"
		},
		"thumbs-up": {
			"body": "<path fill=\"none\" stroke=\"currentColor\" stroke-linecap=\"round\" stroke-linejoin=\"round\" stroke-width=\"2\" d=\"M14 9V5a3 3 0 0 0-3-3l-4 9v11h11.28a2 2 0 0 0 2-1.7l1.38-9a2 2 0 0 0-2-2.3zM7 22H4a2 2 0 0 1-2-2v-7a2 2 0 0 1 2-2h3\"/>"
		},
		"toggle-left": {
			"body": "<g fill=\"none\" stroke=\"currentColor\" stroke-linecap=\"round\" stroke-linejoin=\"round\" stroke-width=\"2\"><rect width=\"22\" height=\"14\" x=\"1\" y=\"5\" rx=\"7\" ry=\"7\"/><circle cx=\"8\" cy=\"12\" r=\"3\"/></g>"
		},
		"toggle-right": {
			"body": "<g fill=\"none\" stroke=\"currentColor\" stroke-linecap=\"round\" stroke-linejoin=\"round\" stroke-width=\"2\"><rect width=\"22\" height=\"14\" x=\"1\" y=\"5\" rx=\"7\" ry=\"7\"/><circle cx=\"16\" cy=\"12\" r=\"3\"/></g>"
		},
		"tool": {
			"body": "<path fill=\"none\" stroke=\"currentColor\" stroke-linecap=\"round\" stroke-linejoin=\"round\" stroke-width=\"2\" d=\"M14.7 6.3a1 1 0 0 0 0 1.4l1.6 1.6a1 1 0 0 0 1.4 0l3.77-3.77a6 6 0 0 1-7.94 7.94l-6.91 6.91a2.12 2.12 0 0 1-3-3l6.91-6.91a6 6 0 0 1 7.94-7.94l-3.76 3.76z\"/>"
		},
		"trash": {
			"body": "<path fill=\"none\" stroke=\"currentColor\" stroke-linecap=\"round\" stroke-linejoin=\"round\" stroke-width=\"2\" d=\"M3 6h18m-2 0v14a2 2 0 0 1-2 2H7a2 2 0 0 1-2-2V6m3 0V4a2 2 0 0 1 2-2h4a2 2 0 0 1 2 2v2\"/>"
		},
		"trash-2": {
			"body": "<path fill=\"none\" stroke=\"currentColor\" stroke-linecap=\"round\" stroke-linejoin=\"round\" stroke-width=\"2\" d=\"M3 6h18m-2 0v14a2 2 0 0 1-2 2H7a2 2 0 0 1-2-2V6m3 0V4a2 2 0 0 1 2-2h4a2 2 0 0 1 2 2v2m-6 5v6m4-6v6\"/>"
		},
		"trello": {
			"body": "<g fill=\"none\" stroke=\"currentColor\" stroke-linecap=\"round\" stroke-linejoin=\"round\" stroke-width=\"2\"><rect width=\"18\" height=\"18\" x=\"3\" y=\"3\" rx=\"2\" ry=\"2\"/><path d=\"M7 7h3v9H7zm7 0h3v5h-3z\"/></g>"
		},
		"trending-down": {
			"body": "<g fill=\"none\" stroke=\"currentColor\" stroke-linecap=\"round\" stroke-linejoin=\"round\" stroke-width=\"2\"><path d=\"m23 18l-9.5-9.5l-5 5L1 6\"/><path d=\"M17 18h6v-6\"/></g>"
		},
		"trending-up": {
			"body": "<g fill=\"none\" stroke=\"currentColor\" stroke-linecap=\"round\" stroke-linejoin=\"round\" stroke-width=\"2\"><path d=\"m23 6l-9.5 9.5l-5-5L1 18\"/><path d=\"M17 6h6v6\"/></g>"
		},
		"triangle": {
			"body": "<path fill=\"none\" stroke=\"currentColor\" stroke-linecap=\"round\" stroke-linejoin=\"round\" stroke-width=\"2\" d=\"M10.29 3.86L1.82 18a2 2 0 0 0 1.71 3h16.94a2 2 0 0 0 1.71-3L13.71 3.86a2 2 0 0 0-3.42 0\"/>"
		},
		"truck": {
			"body": "<g fill=\"none\" stroke=\"currentColor\" stroke-linecap=\"round\" stroke-linejoin=\"round\" stroke-width=\"2\"><path d=\"M1 3h15v13H1zm15 5h4l3 3v5h-7z\"/><circle cx=\"5.5\" cy=\"18.5\" r=\"2.5\"/><circle cx=\"18.5\" cy=\"18.5\" r=\"2.5\"/></g>"
		},
		"tv": {
			"body": "<g fill=\"none\" stroke=\"currentColor\" stroke-linecap=\"round\" stroke-linejoin=\"round\" stroke-width=\"2\"><rect width=\"20\" height=\"15\" x=\"2\" y=\"7\" rx=\"2\" ry=\"2\"/><path d=\"m17 2l-5 5l-5-5\"/></g>"
		},
		"twitch": {
			"body": "<path fill=\"none\" stroke=\"currentColor\" stroke-linecap=\"round\" stroke-linejoin=\"round\" stroke-width=\"2\" d=\"M21 2H3v16h5v4l4-4h5l4-4zm-10 9V7m5 4V7\"/>"
		},
		"twitter": {
			"body": "<path fill=\"none\" stroke=\"currentColor\" stroke-linecap=\"round\" stroke-linejoin=\"round\" stroke-width=\"2\" d=\"M23 3a10.9 10.9 0 0 1-3.14 1.53a4.48 4.48 0 0 0-7.86 3v1A10.66 10.66 0 0 1 3 4s-4 9 5 13a11.64 11.64 0 0 1-7 2c9 5 20 0 20-11.5a4.5 4.5 0 0 0-.08-.83A7.7 7.7 0 0 0 23 3\"/>"
		},
		"type": {
			"body": "<path fill=\"none\" stroke=\"currentColor\" stroke-linecap=\"round\" stroke-linejoin=\"round\" stroke-width=\"2\" d=\"M4 7V4h16v3M9 20h6M12 4v16\"/>"
		},
		"umbrella": {
			"body": "<path fill=\"none\" stroke=\"currentColor\" stroke-linecap=\"round\" stroke-linejoin=\"round\" stroke-width=\"2\" d=\"M23 12a11.05 11.05 0 0 0-22 0zm-5 7a3 3 0 0 1-6 0v-7\"/>"
		},
		"underline": {
			"body": "<path fill=\"none\" stroke=\"currentColor\" stroke-linecap=\"round\" stroke-linejoin=\"round\" stroke-width=\"2\" d=\"M6 3v7a6 6 0 0 0 6 6a6 6 0 0 0 6-6V3M4 21h16\"/>"
		},
		"unlock": {
			"body": "<g fill=\"none\" stroke=\"currentColor\" stroke-linecap=\"round\" stroke-linejoin=\"round\" stroke-width=\"2\"><rect width=\"18\" height=\"11\" x=\"3\" y=\"11\" rx=\"2\" ry=\"2\"/><path d=\"M7 11V7a5 5 0 0 1 9.9-1\"/></g>"
		},
		"upload": {
			"body": "<path fill=\"none\" stroke=\"currentColor\" stroke-linecap=\"round\" stroke-linejoin=\"round\" stroke-width=\"2\" d=\"M21 15v4a2 2 0 0 1-2 2H5a2 2 0 0 1-2-2v-4m14-7l-5-5l-5 5m5-5v12\"/>"
		},
		"upload-cloud": {
			"body": "<g fill=\"none\" stroke=\"currentColor\" stroke-linecap=\"round\" stroke-linejoin=\"round\" stroke-width=\"2\"><path d=\"m16 16l-4-4l-4 4m4-4v9\"/><path d=\"M20.39 18.39A5 5 0 0 0 18 9h-1.26A8 8 0 1 0 3 16.3\"/><path d=\"m16 16l-4-4l-4 4\"/></g>"
		},
		"user": {
			"body": "<g fill=\"none\" stroke=\"currentColor\" stroke-linecap=\"round\" stroke-linejoin=\"round\" stroke-width=\"2\"><path d=\"M20 21v-2a4 4 0 0 0-4-4H8a4 4 0 0 0-4 4v2\"/><circle cx=\"12\" cy=\"7\" r=\"4\"/></g>"
		},
		"user-check": {
			"body": "<g fill=\"none\" stroke=\"currentColor\" stroke-linecap=\"round\" stroke-linejoin=\"round\" stroke-width=\"2\"><path d=\"M16 21v-2a4 4 0 0 0-4-4H5a4 4 0 0 0-4 4v2\"/><circle cx=\"8.5\" cy=\"7\" r=\"4\"/><path d=\"m17 11l2 2l4-4\"/></g>"
		},
		"user-minus": {
			"body": "<g fill=\"none\" stroke=\"currentColor\" stroke-linecap=\"round\" stroke-linejoin=\"round\" stroke-width=\"2\"><path d=\"M16 21v-2a4 4 0 0 0-4-4H5a4 4 0 0 0-4 4v2\"/><circle cx=\"8.5\" cy=\"7\" r=\"4\"/><path d=\"M23 11h-6\"/></g>"
		},
		"user-plus": {
			"body": "<g fill=\"none\" stroke=\"currentColor\" stroke-linecap=\"round\" stroke-linejoin=\"round\" stroke-width=\"2\"><path d=\"M16 21v-2a4 4 0 0 0-4-4H5a4 4 0 0 0-4 4v2\"/><circle cx=\"8.5\" cy=\"7\" r=\"4\"/><path d=\"M20 8v6m3-3h-6\"/></g>"
		},
		"user-x": {
			"body": "<g fill=\"none\" stroke=\"currentColor\" stroke-linecap=\"round\" stroke-linejoin=\"round\" stroke-width=\"2\"><path d=\"M16 21v-2a4 4 0 0 0-4-4H5a4 4 0 0 0-4 4v2\"/><circle cx=\"8.5\" cy=\"7\" r=\"4\"/><path d=\"m18 8l5 5m0-5l-5 5\"/></g>"
		},
		"users": {
			"body": "<g fill=\"none\" stroke=\"currentColor\" stroke-linecap=\"round\" stroke-linejoin=\"round\" stroke-width=\"2\"><path d=\"M17 21v-2a4 4 0 0 0-4-4H5a4 4 0 0 0-4 4v2\"/><circle cx=\"9\" cy=\"7\" r=\"4\"/><path d=\"M23 21v-2a4 4 0 0 0-3-3.87m-4-12a4 4 0 0 1 0 7.75\"/></g>"
		},
		"video": {
			"body": "<g fill=\"none\" stroke=\"currentColor\" stroke-linecap=\"round\" stroke-linejoin=\"round\" stroke-width=\"2\"><path d=\"m23 7l-7 5l7 5z\"/><rect width=\"15\" height=\"14\" x=\"1\" y=\"5\" rx=\"2\" ry=\"2\"/></g>"
		},
		"video-off": {
			"body": "<path fill=\"none\" stroke=\"currentColor\" stroke-linecap=\"round\" stroke-linejoin=\"round\" stroke-width=\"2\" d=\"M16 16v1a2 2 0 0 1-2 2H3a2 2 0 0 1-2-2V7a2 2 0 0 1 2-2h2m5.66 0H14a2 2 0 0 1 2 2v3.34l1 1L23 7v10M1 1l22 22\"/>"
		},
		"voicemail": {
			"body": "<g fill=\"none\" stroke=\"currentColor\" stroke-linecap=\"round\" stroke-linejoin=\"round\" stroke-width=\"2\"><circle cx=\"5.5\" cy=\"11.5\" r=\"4.5\"/><circle cx=\"18.5\" cy=\"11.5\" r=\"4.5\"/><path d=\"M5.5 16h13\"/></g>"
		},
		"volume": {
			"body": "<path fill=\"none\" stroke=\"currentColor\" stroke-linecap=\"round\" stroke-linejoin=\"round\" stroke-width=\"2\" d=\"M11 5L6 9H2v6h4l5 4z\"/>"
		},
		"volume-1": {
			"body": "<path fill=\"none\" stroke=\"currentColor\" stroke-linecap=\"round\" stroke-linejoin=\"round\" stroke-width=\"2\" d=\"M11 5L6 9H2v6h4l5 4zm4.54 3.46a5 5 0 0 1 0 7.07\"/>"
		},
		"volume-2": {
			"body": "<path fill=\"none\" stroke=\"currentColor\" stroke-linecap=\"round\" stroke-linejoin=\"round\" stroke-width=\"2\" d=\"M11 5L6 9H2v6h4l5 4zm8.07-.07a10 10 0 0 1 0 14.14M15.54 8.46a5 5 0 0 1 0 7.07\"/>"
		},
		"volume-x": {
			"body": "<path fill=\"none\" stroke=\"currentColor\" stroke-linecap=\"round\" stroke-linejoin=\"round\" stroke-width=\"2\" d=\"M11 5L6 9H2v6h4l5 4zm12 4l-6 6m0-6l6 6\"/>"
		},
		"watch": {
			"body": "<g fill=\"none\" stroke=\"currentColor\" stroke-linecap=\"round\" stroke-linejoin=\"round\" stroke-width=\"2\"><circle cx=\"12\" cy=\"12\" r=\"7\"/><path d=\"M12 9v3l1.5 1.5m3.01 3.85l-.35 3.83a2 2 0 0 1-2 1.82H9.83a2 2 0 0 1-2-1.82l-.35-3.83m.01-10.7l.35-3.83A2 2 0 0 1 9.83 1h4.35a2 2 0 0 1 2 1.82l.35 3.83\"/></g>"
		},
		"wifi": {
			"body": "<path fill=\"none\" stroke=\"currentColor\" stroke-linecap=\"round\" stroke-linejoin=\"round\" stroke-width=\"2\" d=\"M5 12.55a11 11 0 0 1 14.08 0M1.42 9a16 16 0 0 1 21.16 0M8.53 16.11a6 6 0 0 1 6.95 0M12 20h.01\"/>"
		},
		"wifi-off": {
			"body": "<path fill=\"none\" stroke=\"currentColor\" stroke-linecap=\"round\" stroke-linejoin=\"round\" stroke-width=\"2\" d=\"m1 1l22 22m-6.28-11.94A11 11 0 0 1 19 12.55m-14 0a10.94 10.94 0 0 1 5.17-2.39m.54-5.11A16 16 0 0 1 22.58 9M1.42 9a15.9 15.9 0 0 1 4.7-2.88m2.41 9.99a6 6 0 0 1 6.95 0M12 20h.01\"/>"
		},
		"wind": {
			"body": "<path fill=\"none\" stroke=\"currentColor\" stroke-linecap=\"round\" stroke-linejoin=\"round\" stroke-width=\"2\" d=\"M9.59 4.59A2 2 0 1 1 11 8H2m10.59 11.41A2 2 0 1 0 14 16H2m15.73-8.27A2.5 2.5 0 1 1 19.5 12H2\"/>"
		},
		"x": {
			"body": "<path fill=\"none\" stroke=\"currentColor\" stroke-linecap=\"round\" stroke-linejoin=\"round\" stroke-width=\"2\" d=\"M18 6L6 18M6 6l12 12\"/>"
		},
		"x-circle": {
			"body": "<g fill=\"none\" stroke=\"currentColor\" stroke-linecap=\"round\" stroke-linejoin=\"round\" stroke-width=\"2\"><circle cx=\"12\" cy=\"12\" r=\"10\"/><path d=\"m15 9l-6 6m0-6l6 6\"/></g>"
		},
		"x-octagon": {
			"body": "<path fill=\"none\" stroke=\"currentColor\" stroke-linecap=\"round\" stroke-linejoin=\"round\" stroke-width=\"2\" d=\"M7.86 2h8.28L22 7.86v8.28L16.14 22H7.86L2 16.14V7.86zM15 9l-6 6m0-6l6 6\"/>"
		},
		"x-square": {
			"body": "<g fill=\"none\" stroke=\"currentColor\" stroke-linecap=\"round\" stroke-linejoin=\"round\" stroke-width=\"2\"><rect width=\"18\" height=\"18\" x=\"3\" y=\"3\" rx=\"2\" ry=\"2\"/><path d=\"m9 9l6 6m0-6l-6 6\"/></g>"
		},
		"youtube": {
			"body": "<g fill=\"none\" stroke=\"currentColor\" stroke-linecap=\"round\" stroke-linejoin=\"round\" stroke-width=\"2\"><path d=\"M22.54 6.42a2.78 2.78 0 0 0-1.94-2C18.88 4 12 4 12 4s-6.88 0-8.6.46a2.78 2.78 0 0 0-1.94 2A29 29 0 0 0 1 11.75a29 29 0 0 0 .46 5.33A2.78 2.78 0 0 0 3.4 19c1.72.46 8.6.46 8.6.46s6.88 0 8.6-.46a2.78 2.78 0 0 0 1.94-2a29 29 0 0 0 .46-5.25a29 29 0 0 0-.46-5.33\"/><path d=\"m9.75 15.02l5.75-3.27l-5.75-3.27z\"/></g>"
		},
		"zap": {
			"body": "<path fill=\"none\" stroke=\"currentColor\" stroke-linecap=\"round\" stroke-linejoin=\"round\" stroke-width=\"2\" d=\"M13 2L3 14h9l-1 8l10-12h-9z\"/>"
		},
		"zap-off": {
			"body": "<path fill=\"none\" stroke=\"currentColor\" stroke-linecap=\"round\" stroke-linejoin=\"round\" stroke-width=\"2\" d=\"M12.41 6.75L13 2l-2.43 2.92m8 7.99L21 10h-5.34M8 8l-5 6h9l-1 8l5-6M1 1l22 22\"/>"
		},
		"zoom-in": {
			"body": "<g fill=\"none\" stroke=\"currentColor\" stroke-linecap=\"round\" stroke-linejoin=\"round\" stroke-width=\"2\"><circle cx=\"11\" cy=\"11\" r=\"8\"/><path d=\"m21 21l-4.35-4.35M11 8v6m-3-3h6\"/></g>"
		},
		"zoom-out": {
			"body": "<g fill=\"none\" stroke=\"currentColor\" stroke-linecap=\"round\" stroke-linejoin=\"round\" stroke-width=\"2\"><circle cx=\"11\" cy=\"11\" r=\"8\"/><path d=\"m21 21l-4.35-4.35M8 11h6\"/></g>"
		}
	},
	"width": 24,
	"height": 24
}