{
	"prefix": "svg-spinners",
	"info": {
		"name": "SVG Spinners",
		"total": 46,
		"author": {
			"name": "Utkarsh Verma",
			"url": "https://github.com/n3r4zzurr0/svg-spinners"
		},
		"license": {
			"title": "MIT",
			"spdx": "MIT",
			"url": "https://github.com/n3r4zzurr0/svg-spinners/blob/main/LICENSE"
		},
		"samples": [
			"tadpole",
			"pulse",
			"3-dots-rotate",
			"90-ring",
			"clock",
			"bars-fade"
		],
		"height": 24,
		"category": "UI 24px",
		"tags": [
			"Precise Shapes",
			"Has Padding",
			"Contains Animations"
		],
		"palette": false
	},
	"lastModified": 1754901419,
	"icons": {
		"12-dots-scale-rotate": {
			"body": "<g><circle cx=\"12\" cy=\"3\" r=\"1\" fill=\"currentColor\"><animate id=\"SVGelgoqhuA\" attributeName=\"r\" begin=\"0;SVGSRzJybSJ.end-0.5s\" calcMode=\"spline\" dur=\"0.6s\" keySplines=\".27,.42,.37,.99;.53,0,.61,.73\" values=\"1;2;1\"/></circle><circle cx=\"16.5\" cy=\"4.21\" r=\"1\" fill=\"currentColor\"><animate id=\"SVGBcQu6cCi\" attributeName=\"r\" begin=\"SVGelgoqhuA.begin+0.1s\" calcMode=\"spline\" dur=\"0.6s\" keySplines=\".27,.42,.37,.99;.53,0,.61,.73\" values=\"1;2;1\"/></circle><circle cx=\"7.5\" cy=\"4.21\" r=\"1\" fill=\"currentColor\"><animate id=\"SVGSRzJybSJ\" attributeName=\"r\" begin=\"SVGeZGzNdVZ.begin+0.1s\" calcMode=\"spline\" dur=\"0.6s\" keySplines=\".27,.42,.37,.99;.53,0,.61,.73\" values=\"1;2;1\"/></circle><circle cx=\"19.79\" cy=\"7.5\" r=\"1\" fill=\"currentColor\"><animate id=\"SVGG5Q0fe0M\" attributeName=\"r\" begin=\"SVGBcQu6cCi.begin+0.1s\" calcMode=\"spline\" dur=\"0.6s\" keySplines=\".27,.42,.37,.99;.53,0,.61,.73\" values=\"1;2;1\"/></circle><circle cx=\"4.21\" cy=\"7.5\" r=\"1\" fill=\"currentColor\"><animate id=\"SVGeZGzNdVZ\" attributeName=\"r\" begin=\"SVGUTnihcal.begin+0.1s\" calcMode=\"spline\" dur=\"0.6s\" keySplines=\".27,.42,.37,.99;.53,0,.61,.73\" values=\"1;2;1\"/></circle><circle cx=\"21\" cy=\"12\" r=\"1\" fill=\"currentColor\"><animate id=\"SVG8aQG8dpc\" attributeName=\"r\" begin=\"SVGG5Q0fe0M.begin+0.1s\" calcMode=\"spline\" dur=\"0.6s\" keySplines=\".27,.42,.37,.99;.53,0,.61,.73\" values=\"1;2;1\"/></circle><circle cx=\"3\" cy=\"12\" r=\"1\" fill=\"currentColor\"><animate id=\"SVGUTnihcal\" attributeName=\"r\" begin=\"SVGHktsvT5Q.begin+0.1s\" calcMode=\"spline\" dur=\"0.6s\" keySplines=\".27,.42,.37,.99;.53,0,.61,.73\" values=\"1;2;1\"/></circle><circle cx=\"19.79\" cy=\"16.5\" r=\"1\" fill=\"currentColor\"><animate id=\"SVGqCF3Scrd\" attributeName=\"r\" begin=\"SVG8aQG8dpc.begin+0.1s\" calcMode=\"spline\" dur=\"0.6s\" keySplines=\".27,.42,.37,.99;.53,0,.61,.73\" values=\"1;2;1\"/></circle><circle cx=\"4.21\" cy=\"16.5\" r=\"1\" fill=\"currentColor\"><animate id=\"SVGHktsvT5Q\" attributeName=\"r\" begin=\"SVGSFNCBbxb.begin+0.1s\" calcMode=\"spline\" dur=\"0.6s\" keySplines=\".27,.42,.37,.99;.53,0,.61,.73\" values=\"1;2;1\"/></circle><circle cx=\"16.5\" cy=\"19.79\" r=\"1\" fill=\"currentColor\"><animate id=\"SVGMFYo1cJN\" attributeName=\"r\" begin=\"SVGqCF3Scrd.begin+0.1s\" calcMode=\"spline\" dur=\"0.6s\" keySplines=\".27,.42,.37,.99;.53,0,.61,.73\" values=\"1;2;1\"/></circle><circle cx=\"7.5\" cy=\"19.79\" r=\"1\" fill=\"currentColor\"><animate id=\"SVGSFNCBbxb\" attributeName=\"r\" begin=\"SVGLSoLpdOI.begin+0.1s\" calcMode=\"spline\" dur=\"0.6s\" keySplines=\".27,.42,.37,.99;.53,0,.61,.73\" values=\"1;2;1\"/></circle><circle cx=\"12\" cy=\"21\" r=\"1\" fill=\"currentColor\"><animate id=\"SVGLSoLpdOI\" attributeName=\"r\" begin=\"SVGMFYo1cJN.begin+0.1s\" calcMode=\"spline\" dur=\"0.6s\" keySplines=\".27,.42,.37,.99;.53,0,.61,.73\" values=\"1;2;1\"/></circle><animateTransform attributeName=\"transform\" dur=\"6s\" repeatCount=\"indefinite\" type=\"rotate\" values=\"360 12 12;0 12 12\"/></g>"
		},
		"180-ring": {
			"body": "<path fill=\"currentColor\" d=\"M12,4a8,8,0,0,1,7.89,6.7A1.53,1.53,0,0,0,21.38,12h0a1.5,1.5,0,0,0,1.48-1.75,11,11,0,0,0-21.72,0A1.5,1.5,0,0,0,2.62,12h0a1.53,1.53,0,0,0,1.49-1.3A8,8,0,0,1,12,4Z\"><animateTransform attributeName=\"transform\" dur=\"0.75s\" repeatCount=\"indefinite\" type=\"rotate\" values=\"0 12 12;360 12 12\"/></path>"
		},
		"180-ring-with-bg": {
			"body": "<path fill=\"currentColor\" d=\"M12,1A11,11,0,1,0,23,12,11,11,0,0,0,12,1Zm0,19a8,8,0,1,1,8-8A8,8,0,0,1,12,20Z\" opacity=\".25\"/><path fill=\"currentColor\" d=\"M12,4a8,8,0,0,1,7.89,6.7A1.53,1.53,0,0,0,21.38,12h0a1.5,1.5,0,0,0,1.48-1.75,11,11,0,0,0-21.72,0A1.5,1.5,0,0,0,2.62,12h0a1.53,1.53,0,0,0,1.49-1.3A8,8,0,0,1,12,4Z\"><animateTransform attributeName=\"transform\" dur=\"0.75s\" repeatCount=\"indefinite\" type=\"rotate\" values=\"0 12 12;360 12 12\"/></path>"
		},
		"270-ring": {
			"body": "<path fill=\"currentColor\" d=\"M10.72,19.9a8,8,0,0,1-6.5-9.79A7.77,7.77,0,0,1,10.4,4.16a8,8,0,0,1,9.49,6.52A1.54,1.54,0,0,0,21.38,12h.13a1.37,1.37,0,0,0,1.38-1.54,11,11,0,1,0-12.7,12.39A1.54,1.54,0,0,0,12,21.34h0A1.47,1.47,0,0,0,10.72,19.9Z\"><animateTransform attributeName=\"transform\" dur=\"0.75s\" repeatCount=\"indefinite\" type=\"rotate\" values=\"0 12 12;360 12 12\"/></path>"
		},
		"270-ring-with-bg": {
			"body": "<path fill=\"currentColor\" d=\"M12,1A11,11,0,1,0,23,12,11,11,0,0,0,12,1Zm0,19a8,8,0,1,1,8-8A8,8,0,0,1,12,20Z\" opacity=\".25\"/><path fill=\"currentColor\" d=\"M10.72,19.9a8,8,0,0,1-6.5-9.79A7.77,7.77,0,0,1,10.4,4.16a8,8,0,0,1,9.49,6.52A1.54,1.54,0,0,0,21.38,12h.13a1.37,1.37,0,0,0,1.38-1.54,11,11,0,1,0-12.7,12.39A1.54,1.54,0,0,0,12,21.34h0A1.47,1.47,0,0,0,10.72,19.9Z\"><animateTransform attributeName=\"transform\" dur=\"0.75s\" repeatCount=\"indefinite\" type=\"rotate\" values=\"0 12 12;360 12 12\"/></path>"
		},
		"3-dots-bounce": {
			"body": "<circle cx=\"4\" cy=\"12\" r=\"3\" fill=\"currentColor\"><animate id=\"SVGKiXXedfO\" attributeName=\"cy\" begin=\"0;SVGgLulOGrw.end+0.25s\" calcMode=\"spline\" dur=\"0.6s\" keySplines=\".33,.66,.66,1;.33,0,.66,.33\" values=\"12;6;12\"/></circle><circle cx=\"12\" cy=\"12\" r=\"3\" fill=\"currentColor\"><animate attributeName=\"cy\" begin=\"SVGKiXXedfO.begin+0.1s\" calcMode=\"spline\" dur=\"0.6s\" keySplines=\".33,.66,.66,1;.33,0,.66,.33\" values=\"12;6;12\"/></circle><circle cx=\"20\" cy=\"12\" r=\"3\" fill=\"currentColor\"><animate id=\"SVGgLulOGrw\" attributeName=\"cy\" begin=\"SVGKiXXedfO.begin+0.2s\" calcMode=\"spline\" dur=\"0.6s\" keySplines=\".33,.66,.66,1;.33,0,.66,.33\" values=\"12;6;12\"/></circle>"
		},
		"3-dots-fade": {
			"body": "<circle cx=\"4\" cy=\"12\" r=\"3\" fill=\"currentColor\"><animate id=\"SVG7x14Dcom\" fill=\"freeze\" attributeName=\"opacity\" begin=\"0;SVGqSjG0dUp.end-0.25s\" dur=\"0.75s\" values=\"1;.2\"/></circle><circle cx=\"12\" cy=\"12\" r=\"3\" fill=\"currentColor\" opacity=\".4\"><animate fill=\"freeze\" attributeName=\"opacity\" begin=\"SVG7x14Dcom.begin+0.15s\" dur=\"0.75s\" values=\"1;.2\"/></circle><circle cx=\"20\" cy=\"12\" r=\"3\" fill=\"currentColor\" opacity=\".3\"><animate id=\"SVGqSjG0dUp\" fill=\"freeze\" attributeName=\"opacity\" begin=\"SVG7x14Dcom.begin+0.3s\" dur=\"0.75s\" values=\"1;.2\"/></circle>"
		},
		"3-dots-move": {
			"body": "<circle cx=\"4\" cy=\"12\" r=\"0\" fill=\"currentColor\"><animate fill=\"freeze\" attributeName=\"r\" begin=\"0;SVGUppsBdVN.end\" calcMode=\"spline\" dur=\"0.5s\" keySplines=\".36,.6,.31,1\" values=\"0;3\"/><animate fill=\"freeze\" attributeName=\"cx\" begin=\"SVGqCgsydxJ.end\" calcMode=\"spline\" dur=\"0.5s\" keySplines=\".36,.6,.31,1\" values=\"4;12\"/><animate fill=\"freeze\" attributeName=\"cx\" begin=\"SVG3PwDNd6F.end\" calcMode=\"spline\" dur=\"0.5s\" keySplines=\".36,.6,.31,1\" values=\"12;20\"/><animate id=\"SVG3V8yEdYE\" fill=\"freeze\" attributeName=\"r\" begin=\"SVG6wCQhd9Q.end\" calcMode=\"spline\" dur=\"0.5s\" keySplines=\".36,.6,.31,1\" values=\"3;0\"/><animate id=\"SVGUppsBdVN\" fill=\"freeze\" attributeName=\"cx\" begin=\"SVG3V8yEdYE.end\" dur=\"0.001s\" values=\"20;4\"/></circle><circle cx=\"4\" cy=\"12\" r=\"3\" fill=\"currentColor\"><animate fill=\"freeze\" attributeName=\"cx\" begin=\"0;SVGUppsBdVN.end\" calcMode=\"spline\" dur=\"0.5s\" keySplines=\".36,.6,.31,1\" values=\"4;12\"/><animate fill=\"freeze\" attributeName=\"cx\" begin=\"SVGqCgsydxJ.end\" calcMode=\"spline\" dur=\"0.5s\" keySplines=\".36,.6,.31,1\" values=\"12;20\"/><animate id=\"SVG4PgJdbds\" fill=\"freeze\" attributeName=\"r\" begin=\"SVG3PwDNd6F.end\" calcMode=\"spline\" dur=\"0.5s\" keySplines=\".36,.6,.31,1\" values=\"3;0\"/><animate id=\"SVG6wCQhd9Q\" fill=\"freeze\" attributeName=\"cx\" begin=\"SVG4PgJdbds.end\" dur=\"0.001s\" values=\"20;4\"/><animate fill=\"freeze\" attributeName=\"r\" begin=\"SVG6wCQhd9Q.end\" calcMode=\"spline\" dur=\"0.5s\" keySplines=\".36,.6,.31,1\" values=\"0;3\"/></circle><circle cx=\"12\" cy=\"12\" r=\"3\" fill=\"currentColor\"><animate fill=\"freeze\" attributeName=\"cx\" begin=\"0;SVGUppsBdVN.end\" calcMode=\"spline\" dur=\"0.5s\" keySplines=\".36,.6,.31,1\" values=\"12;20\"/><animate id=\"SVG38aCdcdI\" fill=\"freeze\" attributeName=\"r\" begin=\"SVGqCgsydxJ.end\" calcMode=\"spline\" dur=\"0.5s\" keySplines=\".36,.6,.31,1\" values=\"3;0\"/><animate id=\"SVG3PwDNd6F\" fill=\"freeze\" attributeName=\"cx\" begin=\"SVG38aCdcdI.end\" dur=\"0.001s\" values=\"20;4\"/><animate fill=\"freeze\" attributeName=\"r\" begin=\"SVG3PwDNd6F.end\" calcMode=\"spline\" dur=\"0.5s\" keySplines=\".36,.6,.31,1\" values=\"0;3\"/><animate fill=\"freeze\" attributeName=\"cx\" begin=\"SVG6wCQhd9Q.end\" calcMode=\"spline\" dur=\"0.5s\" keySplines=\".36,.6,.31,1\" values=\"4;12\"/></circle><circle cx=\"20\" cy=\"12\" r=\"3\" fill=\"currentColor\"><animate id=\"SVGwaWzveSq\" fill=\"freeze\" attributeName=\"r\" begin=\"0;SVGUppsBdVN.end\" calcMode=\"spline\" dur=\"0.5s\" keySplines=\".36,.6,.31,1\" values=\"3;0\"/><animate id=\"SVGqCgsydxJ\" fill=\"freeze\" attributeName=\"cx\" begin=\"SVGwaWzveSq.end\" dur=\"0.001s\" values=\"20;4\"/><animate fill=\"freeze\" attributeName=\"r\" begin=\"SVGqCgsydxJ.end\" calcMode=\"spline\" dur=\"0.5s\" keySplines=\".36,.6,.31,1\" values=\"0;3\"/><animate fill=\"freeze\" attributeName=\"cx\" begin=\"SVG3PwDNd6F.end\" calcMode=\"spline\" dur=\"0.5s\" keySplines=\".36,.6,.31,1\" values=\"4;12\"/><animate fill=\"freeze\" attributeName=\"cx\" begin=\"SVG6wCQhd9Q.end\" calcMode=\"spline\" dur=\"0.5s\" keySplines=\".36,.6,.31,1\" values=\"12;20\"/></circle>"
		},
		"3-dots-rotate": {
			"body": "<circle cx=\"12\" cy=\"12\" r=\"3\" fill=\"currentColor\"/><g><circle cx=\"4\" cy=\"12\" r=\"3\" fill=\"currentColor\"/><circle cx=\"20\" cy=\"12\" r=\"3\" fill=\"currentColor\"/><animateTransform attributeName=\"transform\" calcMode=\"spline\" dur=\"1s\" keySplines=\".36,.6,.31,1;.36,.6,.31,1\" repeatCount=\"indefinite\" type=\"rotate\" values=\"0 12 12;180 12 12;360 12 12\"/></g>"
		},
		"3-dots-scale": {
			"body": "<circle cx=\"4\" cy=\"12\" r=\"3\" fill=\"currentColor\"><animate id=\"SVG9IgbRbsl\" attributeName=\"r\" begin=\"0;SVGFUNpCWdG.end-0.25s\" dur=\"0.75s\" values=\"3;.2;3\"/></circle><circle cx=\"12\" cy=\"12\" r=\"3\" fill=\"currentColor\"><animate attributeName=\"r\" begin=\"SVG9IgbRbsl.end-0.6s\" dur=\"0.75s\" values=\"3;.2;3\"/></circle><circle cx=\"20\" cy=\"12\" r=\"3\" fill=\"currentColor\"><animate id=\"SVGFUNpCWdG\" attributeName=\"r\" begin=\"SVG9IgbRbsl.end-0.45s\" dur=\"0.75s\" values=\"3;.2;3\"/></circle>"
		},
		"3-dots-scale-middle": {
			"body": "<circle cx=\"4\" cy=\"12\" r=\"1.5\" fill=\"currentColor\"><animate attributeName=\"r\" dur=\"0.75s\" repeatCount=\"indefinite\" values=\"1.5;3;1.5\"/></circle><circle cx=\"12\" cy=\"12\" r=\"3\" fill=\"currentColor\"><animate attributeName=\"r\" dur=\"0.75s\" repeatCount=\"indefinite\" values=\"3;1.5;3\"/></circle><circle cx=\"20\" cy=\"12\" r=\"1.5\" fill=\"currentColor\"><animate attributeName=\"r\" dur=\"0.75s\" repeatCount=\"indefinite\" values=\"1.5;3;1.5\"/></circle>"
		},
		"6-dots-rotate": {
			"body": "<g><circle cx=\"12\" cy=\"2.5\" r=\"1.5\" fill=\"currentColor\" opacity=\".14\"/><circle cx=\"16.75\" cy=\"3.77\" r=\"1.5\" fill=\"currentColor\" opacity=\".29\"/><circle cx=\"20.23\" cy=\"7.25\" r=\"1.5\" fill=\"currentColor\" opacity=\".43\"/><circle cx=\"21.5\" cy=\"12\" r=\"1.5\" fill=\"currentColor\" opacity=\".57\"/><circle cx=\"20.23\" cy=\"16.75\" r=\"1.5\" fill=\"currentColor\" opacity=\".71\"/><circle cx=\"16.75\" cy=\"20.23\" r=\"1.5\" fill=\"currentColor\" opacity=\".86\"/><circle cx=\"12\" cy=\"21.5\" r=\"1.5\" fill=\"currentColor\"/><animateTransform attributeName=\"transform\" calcMode=\"discrete\" dur=\"0.75s\" repeatCount=\"indefinite\" type=\"rotate\" values=\"0 12 12;30 12 12;60 12 12;90 12 12;120 12 12;150 12 12;180 12 12;210 12 12;240 12 12;270 12 12;300 12 12;330 12 12;360 12 12\"/></g>"
		},
		"6-dots-scale": {
			"body": "<circle cx=\"12\" cy=\"3\" r=\"0\" fill=\"currentColor\"><animate id=\"SVG4G6AvsmK\" fill=\"freeze\" attributeName=\"r\" begin=\"0;SVGvWIhNcAr.end-0.5s\" calcMode=\"spline\" dur=\"0.6s\" keySplines=\"0,1,0,1;.53,0,.61,.73\" keyTimes=\"0;.2;1\" values=\"0;2;0\"/></circle><circle cx=\"16.5\" cy=\"4.21\" r=\"0\" fill=\"currentColor\"><animate id=\"SVGeE4wqdhI\" fill=\"freeze\" attributeName=\"r\" begin=\"SVG4G6AvsmK.begin+0.1s\" calcMode=\"spline\" dur=\"0.6s\" keySplines=\"0,1,0,1;.53,0,.61,.73\" keyTimes=\"0;.2;1\" values=\"0;2;0\"/></circle><circle cx=\"7.5\" cy=\"4.21\" r=\"0\" fill=\"currentColor\"><animate id=\"SVGvWIhNcAr\" fill=\"freeze\" attributeName=\"r\" begin=\"SVG7bFLwcpj.begin+0.1s\" calcMode=\"spline\" dur=\"0.6s\" keySplines=\"0,1,0,1;.53,0,.61,.73\" keyTimes=\"0;.2;1\" values=\"0;2;0\"/></circle><circle cx=\"19.79\" cy=\"7.5\" r=\"0\" fill=\"currentColor\"><animate id=\"SVGEevPNd9f\" fill=\"freeze\" attributeName=\"r\" begin=\"SVGeE4wqdhI.begin+0.1s\" calcMode=\"spline\" dur=\"0.6s\" keySplines=\"0,1,0,1;.53,0,.61,.73\" keyTimes=\"0;.2;1\" values=\"0;2;0\"/></circle><circle cx=\"4.21\" cy=\"7.5\" r=\"0\" fill=\"currentColor\"><animate id=\"SVG7bFLwcpj\" fill=\"freeze\" attributeName=\"r\" begin=\"SVGQTNUCd1M.begin+0.1s\" calcMode=\"spline\" dur=\"0.6s\" keySplines=\"0,1,0,1;.53,0,.61,.73\" keyTimes=\"0;.2;1\" values=\"0;2;0\"/></circle><circle cx=\"21\" cy=\"12\" r=\"0\" fill=\"currentColor\"><animate id=\"SVGuBK1DdeV\" fill=\"freeze\" attributeName=\"r\" begin=\"SVGEevPNd9f.begin+0.1s\" calcMode=\"spline\" dur=\"0.6s\" keySplines=\"0,1,0,1;.53,0,.61,.73\" keyTimes=\"0;.2;1\" values=\"0;2;0\"/></circle><circle cx=\"3\" cy=\"12\" r=\"0\" fill=\"currentColor\"><animate id=\"SVGQTNUCd1M\" fill=\"freeze\" attributeName=\"r\" begin=\"SVGGpgq51kq.begin+0.1s\" calcMode=\"spline\" dur=\"0.6s\" keySplines=\"0,1,0,1;.53,0,.61,.73\" keyTimes=\"0;.2;1\" values=\"0;2;0\"/></circle><circle cx=\"19.79\" cy=\"16.5\" r=\"0\" fill=\"currentColor\"><animate id=\"SVG0SGXodLb\" fill=\"freeze\" attributeName=\"r\" begin=\"SVGuBK1DdeV.begin+0.1s\" calcMode=\"spline\" dur=\"0.6s\" keySplines=\"0,1,0,1;.53,0,.61,.73\" keyTimes=\"0;.2;1\" values=\"0;2;0\"/></circle><circle cx=\"4.21\" cy=\"16.5\" r=\"0\" fill=\"currentColor\"><animate id=\"SVGGpgq51kq\" fill=\"freeze\" attributeName=\"r\" begin=\"SVGlDB0aenh.begin+0.1s\" calcMode=\"spline\" dur=\"0.6s\" keySplines=\"0,1,0,1;.53,0,.61,.73\" keyTimes=\"0;.2;1\" values=\"0;2;0\"/></circle><circle cx=\"16.5\" cy=\"19.79\" r=\"0\" fill=\"currentColor\"><animate id=\"SVGjNSy9c1D\" fill=\"freeze\" attributeName=\"r\" begin=\"SVG0SGXodLb.begin+0.1s\" calcMode=\"spline\" dur=\"0.6s\" keySplines=\"0,1,0,1;.53,0,.61,.73\" keyTimes=\"0;.2;1\" values=\"0;2;0\"/></circle><circle cx=\"7.5\" cy=\"19.79\" r=\"0\" fill=\"currentColor\"><animate id=\"SVGlDB0aenh\" fill=\"freeze\" attributeName=\"r\" begin=\"SVGq7gqkb6a.begin+0.1s\" calcMode=\"spline\" dur=\"0.6s\" keySplines=\"0,1,0,1;.53,0,.61,.73\" keyTimes=\"0;.2;1\" values=\"0;2;0\"/></circle><circle cx=\"12\" cy=\"21\" r=\"0\" fill=\"currentColor\"><animate id=\"SVGq7gqkb6a\" fill=\"freeze\" attributeName=\"r\" begin=\"SVGjNSy9c1D.begin+0.1s\" calcMode=\"spline\" dur=\"0.6s\" keySplines=\"0,1,0,1;.53,0,.61,.73\" keyTimes=\"0;.2;1\" values=\"0;2;0\"/></circle>"
		},
		"6-dots-scale-middle": {
			"body": "<circle cx=\"12\" cy=\"3\" r=\"0\" fill=\"currentColor\"><animate id=\"SVGoB2HzdBp\" attributeName=\"r\" begin=\"0;SVGhp5IKccd.end-0.5s\" calcMode=\"spline\" dur=\"0.6s\" keySplines=\".27,.42,.37,.99;.53,0,.61,.73\" values=\"0;2;0\"/></circle><circle cx=\"16.5\" cy=\"4.21\" r=\"0\" fill=\"currentColor\"><animate id=\"SVG13I3L3Mo\" attributeName=\"r\" begin=\"SVGoB2HzdBp.begin+0.1s\" calcMode=\"spline\" dur=\"0.6s\" keySplines=\".27,.42,.37,.99;.53,0,.61,.73\" values=\"0;2;0\"/></circle><circle cx=\"7.5\" cy=\"4.21\" r=\"0\" fill=\"currentColor\"><animate id=\"SVGhp5IKccd\" attributeName=\"r\" begin=\"SVGZh5n6c6U.begin+0.1s\" calcMode=\"spline\" dur=\"0.6s\" keySplines=\".27,.42,.37,.99;.53,0,.61,.73\" values=\"0;2;0\"/></circle><circle cx=\"19.79\" cy=\"7.5\" r=\"0\" fill=\"currentColor\"><animate id=\"SVGwdpSnbWm\" attributeName=\"r\" begin=\"SVG13I3L3Mo.begin+0.1s\" calcMode=\"spline\" dur=\"0.6s\" keySplines=\".27,.42,.37,.99;.53,0,.61,.73\" values=\"0;2;0\"/></circle><circle cx=\"4.21\" cy=\"7.5\" r=\"0\" fill=\"currentColor\"><animate id=\"SVGZh5n6c6U\" attributeName=\"r\" begin=\"SVGZlbpteod.begin+0.1s\" calcMode=\"spline\" dur=\"0.6s\" keySplines=\".27,.42,.37,.99;.53,0,.61,.73\" values=\"0;2;0\"/></circle><circle cx=\"21\" cy=\"12\" r=\"0\" fill=\"currentColor\"><animate id=\"SVGtZjtgdeT\" attributeName=\"r\" begin=\"SVGwdpSnbWm.begin+0.1s\" calcMode=\"spline\" dur=\"0.6s\" keySplines=\".27,.42,.37,.99;.53,0,.61,.73\" values=\"0;2;0\"/></circle><circle cx=\"3\" cy=\"12\" r=\"0\" fill=\"currentColor\"><animate id=\"SVGZlbpteod\" attributeName=\"r\" begin=\"SVGwTNtvelU.begin+0.1s\" calcMode=\"spline\" dur=\"0.6s\" keySplines=\".27,.42,.37,.99;.53,0,.61,.73\" values=\"0;2;0\"/></circle><circle cx=\"19.79\" cy=\"16.5\" r=\"0\" fill=\"currentColor\"><animate id=\"SVGtoLBIbcZ\" attributeName=\"r\" begin=\"SVGtZjtgdeT.begin+0.1s\" calcMode=\"spline\" dur=\"0.6s\" keySplines=\".27,.42,.37,.99;.53,0,.61,.73\" values=\"0;2;0\"/></circle><circle cx=\"4.21\" cy=\"16.5\" r=\"0\" fill=\"currentColor\"><animate id=\"SVGwTNtvelU\" attributeName=\"r\" begin=\"SVGk1PzexJH.begin+0.1s\" calcMode=\"spline\" dur=\"0.6s\" keySplines=\".27,.42,.37,.99;.53,0,.61,.73\" values=\"0;2;0\"/></circle><circle cx=\"16.5\" cy=\"19.79\" r=\"0\" fill=\"currentColor\"><animate id=\"SVGoTyDPewd\" attributeName=\"r\" begin=\"SVGtoLBIbcZ.begin+0.1s\" calcMode=\"spline\" dur=\"0.6s\" keySplines=\".27,.42,.37,.99;.53,0,.61,.73\" values=\"0;2;0\"/></circle><circle cx=\"7.5\" cy=\"19.79\" r=\"0\" fill=\"currentColor\"><animate id=\"SVGk1PzexJH\" attributeName=\"r\" begin=\"SVG0DUTaeRN.begin+0.1s\" calcMode=\"spline\" dur=\"0.6s\" keySplines=\".27,.42,.37,.99;.53,0,.61,.73\" values=\"0;2;0\"/></circle><circle cx=\"12\" cy=\"21\" r=\"0\" fill=\"currentColor\"><animate id=\"SVG0DUTaeRN\" attributeName=\"r\" begin=\"SVGoTyDPewd.begin+0.1s\" calcMode=\"spline\" dur=\"0.6s\" keySplines=\".27,.42,.37,.99;.53,0,.61,.73\" values=\"0;2;0\"/></circle>"
		},
		"8-dots-rotate": {
			"body": "<g><circle cx=\"3\" cy=\"12\" r=\"2\" fill=\"currentColor\"/><circle cx=\"21\" cy=\"12\" r=\"2\" fill=\"currentColor\"/><circle cx=\"12\" cy=\"21\" r=\"2\" fill=\"currentColor\"/><circle cx=\"12\" cy=\"3\" r=\"2\" fill=\"currentColor\"/><circle cx=\"5.64\" cy=\"5.64\" r=\"2\" fill=\"currentColor\"/><circle cx=\"18.36\" cy=\"18.36\" r=\"2\" fill=\"currentColor\"/><circle cx=\"5.64\" cy=\"18.36\" r=\"2\" fill=\"currentColor\"/><circle cx=\"18.36\" cy=\"5.64\" r=\"2\" fill=\"currentColor\"/><animateTransform attributeName=\"transform\" dur=\"1.5s\" repeatCount=\"indefinite\" type=\"rotate\" values=\"0 12 12;360 12 12\"/></g>"
		},
		"90-ring": {
			"body": "<path fill=\"currentColor\" d=\"M10.14,1.16a11,11,0,0,0-9,8.92A1.59,1.59,0,0,0,2.46,12,1.52,1.52,0,0,0,4.11,10.7a8,8,0,0,1,6.66-6.61A1.42,1.42,0,0,0,12,2.69h0A1.57,1.57,0,0,0,10.14,1.16Z\"><animateTransform attributeName=\"transform\" dur=\"0.75s\" repeatCount=\"indefinite\" type=\"rotate\" values=\"0 12 12;360 12 12\"/></path>"
		},
		"90-ring-with-bg": {
			"body": "<path fill=\"currentColor\" d=\"M12,1A11,11,0,1,0,23,12,11,11,0,0,0,12,1Zm0,19a8,8,0,1,1,8-8A8,8,0,0,1,12,20Z\" opacity=\".25\"/><path fill=\"currentColor\" d=\"M10.14,1.16a11,11,0,0,0-9,8.92A1.59,1.59,0,0,0,2.46,12,1.52,1.52,0,0,0,4.11,10.7a8,8,0,0,1,6.66-6.61A1.42,1.42,0,0,0,12,2.69h0A1.57,1.57,0,0,0,10.14,1.16Z\"><animateTransform attributeName=\"transform\" dur=\"0.75s\" repeatCount=\"indefinite\" type=\"rotate\" values=\"0 12 12;360 12 12\"/></path>"
		},
		"bars-fade": {
			"body": "<rect width=\"6\" height=\"14\" x=\"1\" y=\"4\" fill=\"currentColor\"><animate id=\"SVG9ovaHbIP\" fill=\"freeze\" attributeName=\"opacity\" begin=\"0;SVGa89dAd4w.end-0.25s\" dur=\"0.75s\" values=\"1;.2\"/></rect><rect width=\"6\" height=\"14\" x=\"9\" y=\"4\" fill=\"currentColor\" opacity=\".4\"><animate fill=\"freeze\" attributeName=\"opacity\" begin=\"SVG9ovaHbIP.begin+0.15s\" dur=\"0.75s\" values=\"1;.2\"/></rect><rect width=\"6\" height=\"14\" x=\"17\" y=\"4\" fill=\"currentColor\" opacity=\".3\"><animate id=\"SVGa89dAd4w\" fill=\"freeze\" attributeName=\"opacity\" begin=\"SVG9ovaHbIP.begin+0.3s\" dur=\"0.75s\" values=\"1;.2\"/></rect>"
		},
		"bars-rotate-fade": {
			"body": "<g><rect width=\"2\" height=\"5\" x=\"11\" y=\"1\" fill=\"currentColor\" opacity=\".14\"/><rect width=\"2\" height=\"5\" x=\"11\" y=\"1\" fill=\"currentColor\" opacity=\".29\" transform=\"rotate(30 12 12)\"/><rect width=\"2\" height=\"5\" x=\"11\" y=\"1\" fill=\"currentColor\" opacity=\".43\" transform=\"rotate(60 12 12)\"/><rect width=\"2\" height=\"5\" x=\"11\" y=\"1\" fill=\"currentColor\" opacity=\".57\" transform=\"rotate(90 12 12)\"/><rect width=\"2\" height=\"5\" x=\"11\" y=\"1\" fill=\"currentColor\" opacity=\".71\" transform=\"rotate(120 12 12)\"/><rect width=\"2\" height=\"5\" x=\"11\" y=\"1\" fill=\"currentColor\" opacity=\".86\" transform=\"rotate(150 12 12)\"/><rect width=\"2\" height=\"5\" x=\"11\" y=\"1\" fill=\"currentColor\" transform=\"rotate(180 12 12)\"/><animateTransform attributeName=\"transform\" calcMode=\"discrete\" dur=\"0.75s\" repeatCount=\"indefinite\" type=\"rotate\" values=\"0 12 12;30 12 12;60 12 12;90 12 12;120 12 12;150 12 12;180 12 12;210 12 12;240 12 12;270 12 12;300 12 12;330 12 12;360 12 12\"/></g>"
		},
		"bars-scale": {
			"body": "<rect width=\"2.8\" height=\"12\" x=\"1\" y=\"6\" fill=\"currentColor\"><animate id=\"SVGLQdHQe4p\" attributeName=\"y\" begin=\"0;SVGg3vsIeGm.end-0.1s\" calcMode=\"spline\" dur=\"0.6s\" keySplines=\".36,.61,.3,.98;.36,.61,.3,.98\" values=\"6;1;6\"/><animate attributeName=\"height\" begin=\"0;SVGg3vsIeGm.end-0.1s\" calcMode=\"spline\" dur=\"0.6s\" keySplines=\".36,.61,.3,.98;.36,.61,.3,.98\" values=\"12;22;12\"/></rect><rect width=\"2.8\" height=\"12\" x=\"5.8\" y=\"6\" fill=\"currentColor\"><animate attributeName=\"y\" begin=\"SVGLQdHQe4p.begin+0.1s\" calcMode=\"spline\" dur=\"0.6s\" keySplines=\".36,.61,.3,.98;.36,.61,.3,.98\" values=\"6;1;6\"/><animate attributeName=\"height\" begin=\"SVGLQdHQe4p.begin+0.1s\" calcMode=\"spline\" dur=\"0.6s\" keySplines=\".36,.61,.3,.98;.36,.61,.3,.98\" values=\"12;22;12\"/></rect><rect width=\"2.8\" height=\"12\" x=\"10.6\" y=\"6\" fill=\"currentColor\"><animate attributeName=\"y\" begin=\"SVGLQdHQe4p.begin+0.2s\" calcMode=\"spline\" dur=\"0.6s\" keySplines=\".36,.61,.3,.98;.36,.61,.3,.98\" values=\"6;1;6\"/><animate attributeName=\"height\" begin=\"SVGLQdHQe4p.begin+0.2s\" calcMode=\"spline\" dur=\"0.6s\" keySplines=\".36,.61,.3,.98;.36,.61,.3,.98\" values=\"12;22;12\"/></rect><rect width=\"2.8\" height=\"12\" x=\"15.4\" y=\"6\" fill=\"currentColor\"><animate attributeName=\"y\" begin=\"SVGLQdHQe4p.begin+0.3s\" calcMode=\"spline\" dur=\"0.6s\" keySplines=\".36,.61,.3,.98;.36,.61,.3,.98\" values=\"6;1;6\"/><animate attributeName=\"height\" begin=\"SVGLQdHQe4p.begin+0.3s\" calcMode=\"spline\" dur=\"0.6s\" keySplines=\".36,.61,.3,.98;.36,.61,.3,.98\" values=\"12;22;12\"/></rect><rect width=\"2.8\" height=\"12\" x=\"20.2\" y=\"6\" fill=\"currentColor\"><animate id=\"SVGg3vsIeGm\" attributeName=\"y\" begin=\"SVGLQdHQe4p.begin+0.4s\" calcMode=\"spline\" dur=\"0.6s\" keySplines=\".36,.61,.3,.98;.36,.61,.3,.98\" values=\"6;1;6\"/><animate attributeName=\"height\" begin=\"SVGLQdHQe4p.begin+0.4s\" calcMode=\"spline\" dur=\"0.6s\" keySplines=\".36,.61,.3,.98;.36,.61,.3,.98\" values=\"12;22;12\"/></rect>"
		},
		"bars-scale-fade": {
			"body": "<rect width=\"6\" height=\"14\" x=\"1\" y=\"4\" fill=\"currentColor\"><animate id=\"SVGBoZ3Ab9F\" fill=\"freeze\" attributeName=\"y\" begin=\"0;SVG0XJl4OCs.end-0.25s\" dur=\"0.75s\" values=\"1;5\"/><animate fill=\"freeze\" attributeName=\"height\" begin=\"0;SVG0XJl4OCs.end-0.25s\" dur=\"0.75s\" values=\"22;14\"/><animate fill=\"freeze\" attributeName=\"opacity\" begin=\"0;SVG0XJl4OCs.end-0.25s\" dur=\"0.75s\" values=\"1;.2\"/></rect><rect width=\"6\" height=\"14\" x=\"9\" y=\"4\" fill=\"currentColor\" opacity=\".4\"><animate fill=\"freeze\" attributeName=\"y\" begin=\"SVGBoZ3Ab9F.begin+0.15s\" dur=\"0.75s\" values=\"1;5\"/><animate fill=\"freeze\" attributeName=\"height\" begin=\"SVGBoZ3Ab9F.begin+0.15s\" dur=\"0.75s\" values=\"22;14\"/><animate fill=\"freeze\" attributeName=\"opacity\" begin=\"SVGBoZ3Ab9F.begin+0.15s\" dur=\"0.75s\" values=\"1;.2\"/></rect><rect width=\"6\" height=\"14\" x=\"17\" y=\"4\" fill=\"currentColor\" opacity=\".3\"><animate id=\"SVG0XJl4OCs\" fill=\"freeze\" attributeName=\"y\" begin=\"SVGBoZ3Ab9F.begin+0.3s\" dur=\"0.75s\" values=\"1;5\"/><animate fill=\"freeze\" attributeName=\"height\" begin=\"SVGBoZ3Ab9F.begin+0.3s\" dur=\"0.75s\" values=\"22;14\"/><animate fill=\"freeze\" attributeName=\"opacity\" begin=\"SVGBoZ3Ab9F.begin+0.3s\" dur=\"0.75s\" values=\"1;.2\"/></rect>"
		},
		"bars-scale-middle": {
			"body": "<rect width=\"2.8\" height=\"12\" x=\"1\" y=\"6\" fill=\"currentColor\"><animate attributeName=\"y\" begin=\"SVGKWB9Ob0W.begin+0.4s\" calcMode=\"spline\" dur=\"0.6s\" keySplines=\".14,.73,.34,1;.65,.26,.82,.45\" values=\"6;1;6\"/><animate attributeName=\"height\" begin=\"SVGKWB9Ob0W.begin+0.4s\" calcMode=\"spline\" dur=\"0.6s\" keySplines=\".14,.73,.34,1;.65,.26,.82,.45\" values=\"12;22;12\"/></rect><rect width=\"2.8\" height=\"12\" x=\"5.8\" y=\"6\" fill=\"currentColor\"><animate attributeName=\"y\" begin=\"SVGKWB9Ob0W.begin+0.2s\" calcMode=\"spline\" dur=\"0.6s\" keySplines=\".14,.73,.34,1;.65,.26,.82,.45\" values=\"6;1;6\"/><animate attributeName=\"height\" begin=\"SVGKWB9Ob0W.begin+0.2s\" calcMode=\"spline\" dur=\"0.6s\" keySplines=\".14,.73,.34,1;.65,.26,.82,.45\" values=\"12;22;12\"/></rect><rect width=\"2.8\" height=\"12\" x=\"10.6\" y=\"6\" fill=\"currentColor\"><animate id=\"SVGKWB9Ob0W\" attributeName=\"y\" begin=\"0;SVGCkSt6baQ.end-0.1s\" calcMode=\"spline\" dur=\"0.6s\" keySplines=\".14,.73,.34,1;.65,.26,.82,.45\" values=\"6;1;6\"/><animate attributeName=\"height\" begin=\"0;SVGCkSt6baQ.end-0.1s\" calcMode=\"spline\" dur=\"0.6s\" keySplines=\".14,.73,.34,1;.65,.26,.82,.45\" values=\"12;22;12\"/></rect><rect width=\"2.8\" height=\"12\" x=\"15.4\" y=\"6\" fill=\"currentColor\"><animate attributeName=\"y\" begin=\"SVGKWB9Ob0W.begin+0.2s\" calcMode=\"spline\" dur=\"0.6s\" keySplines=\".14,.73,.34,1;.65,.26,.82,.45\" values=\"6;1;6\"/><animate attributeName=\"height\" begin=\"SVGKWB9Ob0W.begin+0.2s\" calcMode=\"spline\" dur=\"0.6s\" keySplines=\".14,.73,.34,1;.65,.26,.82,.45\" values=\"12;22;12\"/></rect><rect width=\"2.8\" height=\"12\" x=\"20.2\" y=\"6\" fill=\"currentColor\"><animate id=\"SVGCkSt6baQ\" attributeName=\"y\" begin=\"SVGKWB9Ob0W.begin+0.4s\" calcMode=\"spline\" dur=\"0.6s\" keySplines=\".14,.73,.34,1;.65,.26,.82,.45\" values=\"6;1;6\"/><animate attributeName=\"height\" begin=\"SVGKWB9Ob0W.begin+0.4s\" calcMode=\"spline\" dur=\"0.6s\" keySplines=\".14,.73,.34,1;.65,.26,.82,.45\" values=\"12;22;12\"/></rect>"
		},
		"blocks-scale": {
			"body": "<rect width=\"9\" height=\"9\" x=\"1.5\" y=\"1.5\" fill=\"currentColor\" rx=\"1\"><animate id=\"SVGvBHXGeBR\" attributeName=\"x\" begin=\"0;SVGBBjjneux.end+0.15s\" dur=\"0.6s\" keyTimes=\"0;.2;1\" values=\"1.5;.5;1.5\"/><animate attributeName=\"y\" begin=\"0;SVGBBjjneux.end+0.15s\" dur=\"0.6s\" keyTimes=\"0;.2;1\" values=\"1.5;.5;1.5\"/><animate attributeName=\"width\" begin=\"0;SVGBBjjneux.end+0.15s\" dur=\"0.6s\" keyTimes=\"0;.2;1\" values=\"9;11;9\"/><animate attributeName=\"height\" begin=\"0;SVGBBjjneux.end+0.15s\" dur=\"0.6s\" keyTimes=\"0;.2;1\" values=\"9;11;9\"/></rect><rect width=\"9\" height=\"9\" x=\"13.5\" y=\"1.5\" fill=\"currentColor\" rx=\"1\"><animate attributeName=\"x\" begin=\"SVGvBHXGeBR.begin+0.15s\" dur=\"0.6s\" keyTimes=\"0;.2;1\" values=\"13.5;12.5;13.5\"/><animate attributeName=\"y\" begin=\"SVGvBHXGeBR.begin+0.15s\" dur=\"0.6s\" keyTimes=\"0;.2;1\" values=\"1.5;.5;1.5\"/><animate attributeName=\"width\" begin=\"SVGvBHXGeBR.begin+0.15s\" dur=\"0.6s\" keyTimes=\"0;.2;1\" values=\"9;11;9\"/><animate attributeName=\"height\" begin=\"SVGvBHXGeBR.begin+0.15s\" dur=\"0.6s\" keyTimes=\"0;.2;1\" values=\"9;11;9\"/></rect><rect width=\"9\" height=\"9\" x=\"13.5\" y=\"13.5\" fill=\"currentColor\" rx=\"1\"><animate attributeName=\"x\" begin=\"SVGvBHXGeBR.begin+0.3s\" dur=\"0.6s\" keyTimes=\"0;.2;1\" values=\"13.5;12.5;13.5\"/><animate attributeName=\"y\" begin=\"SVGvBHXGeBR.begin+0.3s\" dur=\"0.6s\" keyTimes=\"0;.2;1\" values=\"13.5;12.5;13.5\"/><animate attributeName=\"width\" begin=\"SVGvBHXGeBR.begin+0.3s\" dur=\"0.6s\" keyTimes=\"0;.2;1\" values=\"9;11;9\"/><animate attributeName=\"height\" begin=\"SVGvBHXGeBR.begin+0.3s\" dur=\"0.6s\" keyTimes=\"0;.2;1\" values=\"9;11;9\"/></rect><rect width=\"9\" height=\"9\" x=\"1.5\" y=\"13.5\" fill=\"currentColor\" rx=\"1\"><animate id=\"SVGBBjjneux\" attributeName=\"x\" begin=\"SVGvBHXGeBR.begin+0.45s\" dur=\"0.6s\" keyTimes=\"0;.2;1\" values=\"1.5;.5;1.5\"/><animate attributeName=\"y\" begin=\"SVGvBHXGeBR.begin+0.45s\" dur=\"0.6s\" keyTimes=\"0;.2;1\" values=\"13.5;12.5;13.5\"/><animate attributeName=\"width\" begin=\"SVGvBHXGeBR.begin+0.45s\" dur=\"0.6s\" keyTimes=\"0;.2;1\" values=\"9;11;9\"/><animate attributeName=\"height\" begin=\"SVGvBHXGeBR.begin+0.45s\" dur=\"0.6s\" keyTimes=\"0;.2;1\" values=\"9;11;9\"/></rect>"
		},
		"blocks-shuffle-2": {
			"body": "<rect width=\"10\" height=\"10\" x=\"1\" y=\"1\" fill=\"currentColor\" rx=\"1\"><animate id=\"SVG7JagGz2Y\" fill=\"freeze\" attributeName=\"x\" begin=\"0;SVGgDT19bUV.end\" dur=\"0.2s\" values=\"1;13\"/><animate id=\"SVGpS1BddYk\" fill=\"freeze\" attributeName=\"y\" begin=\"SVGc7yq8dne.end\" dur=\"0.2s\" values=\"1;13\"/><animate id=\"SVGboa7EdFl\" fill=\"freeze\" attributeName=\"x\" begin=\"SVG0ZX9C6Fa.end\" dur=\"0.2s\" values=\"13;1\"/><animate id=\"SVG6rrusL2C\" fill=\"freeze\" attributeName=\"y\" begin=\"SVGTOnnO5Dr.end\" dur=\"0.2s\" values=\"13;1\"/></rect><rect width=\"10\" height=\"10\" x=\"1\" y=\"13\" fill=\"currentColor\" rx=\"1\"><animate id=\"SVGc7yq8dne\" fill=\"freeze\" attributeName=\"y\" begin=\"SVG7JagGz2Y.end\" dur=\"0.2s\" values=\"13;1\"/><animate id=\"SVG0ZX9C6Fa\" fill=\"freeze\" attributeName=\"x\" begin=\"SVGpS1BddYk.end\" dur=\"0.2s\" values=\"1;13\"/><animate id=\"SVGTOnnO5Dr\" fill=\"freeze\" attributeName=\"y\" begin=\"SVGboa7EdFl.end\" dur=\"0.2s\" values=\"1;13\"/><animate id=\"SVGgDT19bUV\" fill=\"freeze\" attributeName=\"x\" begin=\"SVG6rrusL2C.end\" dur=\"0.2s\" values=\"13;1\"/></rect>"
		},
		"blocks-shuffle-3": {
			"body": "<rect width=\"10\" height=\"10\" x=\"1\" y=\"1\" fill=\"currentColor\" rx=\"1\"><animate id=\"SVG7WybndBt\" fill=\"freeze\" attributeName=\"x\" begin=\"0;SVGo3aOUHlJ.end\" dur=\"0.2s\" values=\"1;13\"/><animate id=\"SVGVoKldbWM\" fill=\"freeze\" attributeName=\"y\" begin=\"SVGFpk9ncYc.end\" dur=\"0.2s\" values=\"1;13\"/><animate id=\"SVGKsXgPbui\" fill=\"freeze\" attributeName=\"x\" begin=\"SVGaI8owdNK.end\" dur=\"0.2s\" values=\"13;1\"/><animate id=\"SVG7JzAfdGT\" fill=\"freeze\" attributeName=\"y\" begin=\"SVG28A4To9L.end\" dur=\"0.2s\" values=\"13;1\"/></rect><rect width=\"10\" height=\"10\" x=\"1\" y=\"13\" fill=\"currentColor\" rx=\"1\"><animate id=\"SVGUiS2jeZq\" fill=\"freeze\" attributeName=\"y\" begin=\"SVG7WybndBt.end\" dur=\"0.2s\" values=\"13;1\"/><animate id=\"SVGU0vu2GEM\" fill=\"freeze\" attributeName=\"x\" begin=\"SVGVoKldbWM.end\" dur=\"0.2s\" values=\"1;13\"/><animate id=\"SVGOIboFeLf\" fill=\"freeze\" attributeName=\"y\" begin=\"SVGKsXgPbui.end\" dur=\"0.2s\" values=\"1;13\"/><animate id=\"SVG14lAaeuv\" fill=\"freeze\" attributeName=\"x\" begin=\"SVG7JzAfdGT.end\" dur=\"0.2s\" values=\"13;1\"/></rect><rect width=\"10\" height=\"10\" x=\"13\" y=\"13\" fill=\"currentColor\" rx=\"1\"><animate id=\"SVGFpk9ncYc\" fill=\"freeze\" attributeName=\"x\" begin=\"SVGUiS2jeZq.end\" dur=\"0.2s\" values=\"13;1\"/><animate id=\"SVGaI8owdNK\" fill=\"freeze\" attributeName=\"y\" begin=\"SVGU0vu2GEM.end\" dur=\"0.2s\" values=\"13;1\"/><animate id=\"SVG28A4To9L\" fill=\"freeze\" attributeName=\"x\" begin=\"SVGOIboFeLf.end\" dur=\"0.2s\" values=\"1;13\"/><animate id=\"SVGo3aOUHlJ\" fill=\"freeze\" attributeName=\"y\" begin=\"SVG14lAaeuv.end\" dur=\"0.2s\" values=\"1;13\"/></rect>"
		},
		"blocks-wave": {
			"body": "<rect width=\"7.33\" height=\"7.33\" x=\"1\" y=\"1\" fill=\"currentColor\"><animate id=\"SVGzjrPLenI\" attributeName=\"x\" begin=\"0;SVGXAURnSRI.end+0.2s\" dur=\"0.6s\" values=\"1;4;1\"/><animate attributeName=\"y\" begin=\"0;SVGXAURnSRI.end+0.2s\" dur=\"0.6s\" values=\"1;4;1\"/><animate attributeName=\"width\" begin=\"0;SVGXAURnSRI.end+0.2s\" dur=\"0.6s\" values=\"7.33;1.33;7.33\"/><animate attributeName=\"height\" begin=\"0;SVGXAURnSRI.end+0.2s\" dur=\"0.6s\" values=\"7.33;1.33;7.33\"/></rect><rect width=\"7.33\" height=\"7.33\" x=\"8.33\" y=\"1\" fill=\"currentColor\"><animate attributeName=\"x\" begin=\"SVGzjrPLenI.begin+0.1s\" dur=\"0.6s\" values=\"8.33;11.33;8.33\"/><animate attributeName=\"y\" begin=\"SVGzjrPLenI.begin+0.1s\" dur=\"0.6s\" values=\"1;4;1\"/><animate attributeName=\"width\" begin=\"SVGzjrPLenI.begin+0.1s\" dur=\"0.6s\" values=\"7.33;1.33;7.33\"/><animate attributeName=\"height\" begin=\"SVGzjrPLenI.begin+0.1s\" dur=\"0.6s\" values=\"7.33;1.33;7.33\"/></rect><rect width=\"7.33\" height=\"7.33\" x=\"1\" y=\"8.33\" fill=\"currentColor\"><animate attributeName=\"x\" begin=\"SVGzjrPLenI.begin+0.1s\" dur=\"0.6s\" values=\"1;4;1\"/><animate attributeName=\"y\" begin=\"SVGzjrPLenI.begin+0.1s\" dur=\"0.6s\" values=\"8.33;11.33;8.33\"/><animate attributeName=\"width\" begin=\"SVGzjrPLenI.begin+0.1s\" dur=\"0.6s\" values=\"7.33;1.33;7.33\"/><animate attributeName=\"height\" begin=\"SVGzjrPLenI.begin+0.1s\" dur=\"0.6s\" values=\"7.33;1.33;7.33\"/></rect><rect width=\"7.33\" height=\"7.33\" x=\"15.66\" y=\"1\" fill=\"currentColor\"><animate attributeName=\"x\" begin=\"SVGzjrPLenI.begin+0.2s\" dur=\"0.6s\" values=\"15.66;18.66;15.66\"/><animate attributeName=\"y\" begin=\"SVGzjrPLenI.begin+0.2s\" dur=\"0.6s\" values=\"1;4;1\"/><animate attributeName=\"width\" begin=\"SVGzjrPLenI.begin+0.2s\" dur=\"0.6s\" values=\"7.33;1.33;7.33\"/><animate attributeName=\"height\" begin=\"SVGzjrPLenI.begin+0.2s\" dur=\"0.6s\" values=\"7.33;1.33;7.33\"/></rect><rect width=\"7.33\" height=\"7.33\" x=\"8.33\" y=\"8.33\" fill=\"currentColor\"><animate attributeName=\"x\" begin=\"SVGzjrPLenI.begin+0.2s\" dur=\"0.6s\" values=\"8.33;11.33;8.33\"/><animate attributeName=\"y\" begin=\"SVGzjrPLenI.begin+0.2s\" dur=\"0.6s\" values=\"8.33;11.33;8.33\"/><animate attributeName=\"width\" begin=\"SVGzjrPLenI.begin+0.2s\" dur=\"0.6s\" values=\"7.33;1.33;7.33\"/><animate attributeName=\"height\" begin=\"SVGzjrPLenI.begin+0.2s\" dur=\"0.6s\" values=\"7.33;1.33;7.33\"/></rect><rect width=\"7.33\" height=\"7.33\" x=\"1\" y=\"15.66\" fill=\"currentColor\"><animate attributeName=\"x\" begin=\"SVGzjrPLenI.begin+0.2s\" dur=\"0.6s\" values=\"1;4;1\"/><animate attributeName=\"y\" begin=\"SVGzjrPLenI.begin+0.2s\" dur=\"0.6s\" values=\"15.66;18.66;15.66\"/><animate attributeName=\"width\" begin=\"SVGzjrPLenI.begin+0.2s\" dur=\"0.6s\" values=\"7.33;1.33;7.33\"/><animate attributeName=\"height\" begin=\"SVGzjrPLenI.begin+0.2s\" dur=\"0.6s\" values=\"7.33;1.33;7.33\"/></rect><rect width=\"7.33\" height=\"7.33\" x=\"15.66\" y=\"8.33\" fill=\"currentColor\"><animate attributeName=\"x\" begin=\"SVGzjrPLenI.begin+0.3s\" dur=\"0.6s\" values=\"15.66;18.66;15.66\"/><animate attributeName=\"y\" begin=\"SVGzjrPLenI.begin+0.3s\" dur=\"0.6s\" values=\"8.33;11.33;8.33\"/><animate attributeName=\"width\" begin=\"SVGzjrPLenI.begin+0.3s\" dur=\"0.6s\" values=\"7.33;1.33;7.33\"/><animate attributeName=\"height\" begin=\"SVGzjrPLenI.begin+0.3s\" dur=\"0.6s\" values=\"7.33;1.33;7.33\"/></rect><rect width=\"7.33\" height=\"7.33\" x=\"8.33\" y=\"15.66\" fill=\"currentColor\"><animate attributeName=\"x\" begin=\"SVGzjrPLenI.begin+0.3s\" dur=\"0.6s\" values=\"8.33;11.33;8.33\"/><animate attributeName=\"y\" begin=\"SVGzjrPLenI.begin+0.3s\" dur=\"0.6s\" values=\"15.66;18.66;15.66\"/><animate attributeName=\"width\" begin=\"SVGzjrPLenI.begin+0.3s\" dur=\"0.6s\" values=\"7.33;1.33;7.33\"/><animate attributeName=\"height\" begin=\"SVGzjrPLenI.begin+0.3s\" dur=\"0.6s\" values=\"7.33;1.33;7.33\"/></rect><rect width=\"7.33\" height=\"7.33\" x=\"15.66\" y=\"15.66\" fill=\"currentColor\"><animate id=\"SVGXAURnSRI\" attributeName=\"x\" begin=\"SVGzjrPLenI.begin+0.4s\" dur=\"0.6s\" values=\"15.66;18.66;15.66\"/><animate attributeName=\"y\" begin=\"SVGzjrPLenI.begin+0.4s\" dur=\"0.6s\" values=\"15.66;18.66;15.66\"/><animate attributeName=\"width\" begin=\"SVGzjrPLenI.begin+0.4s\" dur=\"0.6s\" values=\"7.33;1.33;7.33\"/><animate attributeName=\"height\" begin=\"SVGzjrPLenI.begin+0.4s\" dur=\"0.6s\" values=\"7.33;1.33;7.33\"/></rect>"
		},
		"bouncing-ball": {
			"body": "<ellipse cx=\"12\" cy=\"5\" fill=\"currentColor\" rx=\"4\" ry=\"4\"><animate id=\"SVG2g6X4cnm\" fill=\"freeze\" attributeName=\"cy\" begin=\"0;SVGYUW1Wdmy.end\" calcMode=\"spline\" dur=\"0.375s\" keySplines=\".33,0,.66,.33\" values=\"5;20\"/><animate attributeName=\"rx\" begin=\"SVG2g6X4cnm.end\" calcMode=\"spline\" dur=\"0.05s\" keySplines=\".33,0,.66,.33;.33,.66,.66,1\" values=\"4;4.8;4\"/><animate attributeName=\"ry\" begin=\"SVG2g6X4cnm.end\" calcMode=\"spline\" dur=\"0.05s\" keySplines=\".33,0,.66,.33;.33,.66,.66,1\" values=\"4;3;4\"/><animate id=\"SVGb9s1Jd3o\" attributeName=\"cy\" begin=\"SVG2g6X4cnm.end\" calcMode=\"spline\" dur=\"0.025s\" keySplines=\".33,0,.66,.33\" values=\"20;20.5\"/><animate id=\"SVGYUW1Wdmy\" attributeName=\"cy\" begin=\"SVGb9s1Jd3o.end\" calcMode=\"spline\" dur=\"0.4s\" keySplines=\".33,.66,.66,1\" values=\"20.5;5\"/></ellipse>"
		},
		"clock": {
			"body": "<path fill=\"currentColor\" d=\"M12,1A11,11,0,1,0,23,12,11,11,0,0,0,12,1Zm0,20a9,9,0,1,1,9-9A9,9,0,0,1,12,21Z\"/><rect width=\"2\" height=\"7\" x=\"11\" y=\"6\" fill=\"currentColor\" rx=\"1\"><animateTransform attributeName=\"transform\" dur=\"9s\" repeatCount=\"indefinite\" type=\"rotate\" values=\"0 12 12;360 12 12\"/></rect><rect width=\"2\" height=\"9\" x=\"11\" y=\"11\" fill=\"currentColor\" rx=\"1\"><animateTransform attributeName=\"transform\" dur=\"0.75s\" repeatCount=\"indefinite\" type=\"rotate\" values=\"0 12 12;360 12 12\"/></rect>"
		},
		"dot-revolve": {
			"body": "<path fill=\"currentColor\" d=\"M12,1A11,11,0,1,0,23,12,11,11,0,0,0,12,1Zm0,19a8,8,0,1,1,8-8A8,8,0,0,1,12,20Z\" opacity=\".25\"/><circle cx=\"12\" cy=\"2.5\" r=\"1.5\" fill=\"currentColor\"><animateTransform attributeName=\"transform\" dur=\"0.75s\" repeatCount=\"indefinite\" type=\"rotate\" values=\"0 12 12;360 12 12\"/></circle>"
		},
		"eclipse": {
			"body": "<path fill=\"currentColor\" d=\"M2,12A11.2,11.2,0,0,1,13,1.05C12.67,1,12.34,1,12,1a11,11,0,0,0,0,22c.34,0,.67,0,1-.05C6,23,2,17.74,2,12Z\"><animateTransform attributeName=\"transform\" dur=\"0.6s\" repeatCount=\"indefinite\" type=\"rotate\" values=\"0 12 12;360 12 12\"/></path>"
		},
		"eclipse-half": {
			"body": "<path fill=\"currentColor\" d=\"M2,12A10.94,10.94,0,0,1,5,4.65c-.21-.19-.42-.36-.62-.55h0A11,11,0,0,0,12,23c.34,0,.67,0,1-.05C6,23,2,17.74,2,12Z\"><animateTransform attributeName=\"transform\" dur=\"0.6s\" repeatCount=\"indefinite\" type=\"rotate\" values=\"0 12 12;360 12 12\"/></path>"
		},
		"gooey-balls-1": {
			"body": "<defs><filter id=\"SVGg4wYRcsm\"><feGaussianBlur in=\"SourceGraphic\" result=\"y\" stdDeviation=\"1.5\"/><feColorMatrix in=\"y\" result=\"z\" values=\"1 0 0 0 0 0 1 0 0 0 0 0 1 0 0 0 0 0 18 -7\"/><feBlend in=\"SourceGraphic\" in2=\"z\"/></filter></defs><g fill=\"currentColor\" filter=\"url(#SVGg4wYRcsm)\"><circle cx=\"4\" cy=\"12\" r=\"3\"><animate attributeName=\"cx\" calcMode=\"spline\" dur=\"0.75s\" keySplines=\".56,.52,.17,.98;.56,.52,.17,.98\" repeatCount=\"indefinite\" values=\"4;9;4\"/><animate attributeName=\"r\" calcMode=\"spline\" dur=\"0.75s\" keySplines=\".56,.52,.17,.98;.56,.52,.17,.98\" repeatCount=\"indefinite\" values=\"3;8;3\"/></circle><circle cx=\"15\" cy=\"12\" r=\"8\"><animate attributeName=\"cx\" calcMode=\"spline\" dur=\"0.75s\" keySplines=\".56,.52,.17,.98;.56,.52,.17,.98\" repeatCount=\"indefinite\" values=\"15;20;15\"/><animate attributeName=\"r\" calcMode=\"spline\" dur=\"0.75s\" keySplines=\".56,.52,.17,.98;.56,.52,.17,.98\" repeatCount=\"indefinite\" values=\"8;3;8\"/></circle></g>"
		},
		"gooey-balls-2": {
			"body": "<defs><filter id=\"SVGp0LL3caJ\"><feGaussianBlur in=\"SourceGraphic\" result=\"y\" stdDeviation=\"1\"/><feColorMatrix in=\"y\" result=\"z\" values=\"1 0 0 0 0 0 1 0 0 0 0 0 1 0 0 0 0 0 18 -7\"/><feBlend in=\"SourceGraphic\" in2=\"z\"/></filter></defs><g filter=\"url(#SVGp0LL3caJ)\"><circle cx=\"5\" cy=\"12\" r=\"4\" fill=\"currentColor\"><animate attributeName=\"cx\" calcMode=\"spline\" dur=\"2s\" keySplines=\".36,.62,.43,.99;.79,0,.58,.57\" repeatCount=\"indefinite\" values=\"5;8;5\"/></circle><circle cx=\"19\" cy=\"12\" r=\"4\" fill=\"currentColor\"><animate attributeName=\"cx\" calcMode=\"spline\" dur=\"2s\" keySplines=\".36,.62,.43,.99;.79,0,.58,.57\" repeatCount=\"indefinite\" values=\"19;16;19\"/></circle><animateTransform attributeName=\"transform\" dur=\"0.75s\" repeatCount=\"indefinite\" type=\"rotate\" values=\"0 12 12;360 12 12\"/></g>"
		},
		"pulse": {
			"body": "<circle cx=\"12\" cy=\"12\" r=\"0\" fill=\"currentColor\"><animate attributeName=\"r\" calcMode=\"spline\" dur=\"1.2s\" keySplines=\".52,.6,.25,.99\" repeatCount=\"indefinite\" values=\"0;11\"/><animate attributeName=\"opacity\" calcMode=\"spline\" dur=\"1.2s\" keySplines=\".52,.6,.25,.99\" repeatCount=\"indefinite\" values=\"1;0\"/></circle>"
		},
		"pulse-2": {
			"body": "<circle cx=\"12\" cy=\"12\" r=\"0\" fill=\"currentColor\"><animate id=\"SVG0cdVlcnN\" fill=\"freeze\" attributeName=\"r\" begin=\"0;SVGftllRbIv.begin+0.6s\" calcMode=\"spline\" dur=\"1.2s\" keySplines=\".52,.6,.25,.99\" values=\"0;11\"/><animate fill=\"freeze\" attributeName=\"opacity\" begin=\"0;SVGftllRbIv.begin+0.6s\" calcMode=\"spline\" dur=\"1.2s\" keySplines=\".52,.6,.25,.99\" values=\"1;0\"/></circle><circle cx=\"12\" cy=\"12\" r=\"0\" fill=\"currentColor\"><animate id=\"SVGftllRbIv\" fill=\"freeze\" attributeName=\"r\" begin=\"SVG0cdVlcnN.begin+0.6s\" calcMode=\"spline\" dur=\"1.2s\" keySplines=\".52,.6,.25,.99\" values=\"0;11\"/><animate fill=\"freeze\" attributeName=\"opacity\" begin=\"SVG0cdVlcnN.begin+0.6s\" calcMode=\"spline\" dur=\"1.2s\" keySplines=\".52,.6,.25,.99\" values=\"1;0\"/></circle>"
		},
		"pulse-3": {
			"body": "<circle cx=\"12\" cy=\"12\" r=\"0\" fill=\"currentColor\"><animate id=\"SVGHRb9bJhy\" fill=\"freeze\" attributeName=\"r\" begin=\"0;SVGUoIUme6Z.begin+0.4s\" calcMode=\"spline\" dur=\"1.2s\" keySplines=\".52,.6,.25,.99\" values=\"0;11\"/><animate fill=\"freeze\" attributeName=\"opacity\" begin=\"0;SVGUoIUme6Z.begin+0.4s\" calcMode=\"spline\" dur=\"1.2s\" keySplines=\".52,.6,.25,.99\" values=\"1;0\"/></circle><circle cx=\"12\" cy=\"12\" r=\"0\" fill=\"currentColor\"><animate id=\"SVGaun8abat\" fill=\"freeze\" attributeName=\"r\" begin=\"SVGHRb9bJhy.begin+0.4s\" calcMode=\"spline\" dur=\"1.2s\" keySplines=\".52,.6,.25,.99\" values=\"0;11\"/><animate fill=\"freeze\" attributeName=\"opacity\" begin=\"SVGHRb9bJhy.begin+0.4s\" calcMode=\"spline\" dur=\"1.2s\" keySplines=\".52,.6,.25,.99\" values=\"1;0\"/></circle><circle cx=\"12\" cy=\"12\" r=\"0\" fill=\"currentColor\"><animate id=\"SVGUoIUme6Z\" fill=\"freeze\" attributeName=\"r\" begin=\"SVGHRb9bJhy.begin+0.8s\" calcMode=\"spline\" dur=\"1.2s\" keySplines=\".52,.6,.25,.99\" values=\"0;11\"/><animate fill=\"freeze\" attributeName=\"opacity\" begin=\"SVGHRb9bJhy.begin+0.8s\" calcMode=\"spline\" dur=\"1.2s\" keySplines=\".52,.6,.25,.99\" values=\"1;0\"/></circle>"
		},
		"pulse-multiple": {
			"body": "<circle cx=\"12\" cy=\"12\" r=\"0\" fill=\"currentColor\"><animate id=\"SVGPW9ARccz\" fill=\"freeze\" attributeName=\"r\" begin=\"0;SVGaeu34cWL.end\" calcMode=\"spline\" dur=\"1.2s\" keySplines=\".52,.6,.25,.99\" values=\"0;11\"/><animate fill=\"freeze\" attributeName=\"opacity\" begin=\"0;SVGaeu34cWL.end\" calcMode=\"spline\" dur=\"1.2s\" keySplines=\".52,.6,.25,.99\" values=\"1;0\"/></circle><circle cx=\"12\" cy=\"12\" r=\"0\" fill=\"currentColor\"><animate id=\"SVGODvPjeTJ\" fill=\"freeze\" attributeName=\"r\" begin=\"SVGPW9ARccz.begin+0.2s\" calcMode=\"spline\" dur=\"1.2s\" keySplines=\".52,.6,.25,.99\" values=\"0;11\"/><animate fill=\"freeze\" attributeName=\"opacity\" begin=\"SVGPW9ARccz.begin+0.2s\" calcMode=\"spline\" dur=\"1.2s\" keySplines=\".52,.6,.25,.99\" values=\"1;0\"/></circle><circle cx=\"12\" cy=\"12\" r=\"0\" fill=\"currentColor\"><animate id=\"SVGaeu34cWL\" fill=\"freeze\" attributeName=\"r\" begin=\"SVGPW9ARccz.begin+0.4s\" calcMode=\"spline\" dur=\"1.2s\" keySplines=\".52,.6,.25,.99\" values=\"0;11\"/><animate fill=\"freeze\" attributeName=\"opacity\" begin=\"SVGPW9ARccz.begin+0.4s\" calcMode=\"spline\" dur=\"1.2s\" keySplines=\".52,.6,.25,.99\" values=\"1;0\"/></circle>"
		},
		"pulse-ring": {
			"body": "<path fill=\"currentColor\" d=\"M12,1A11,11,0,1,0,23,12,11,11,0,0,0,12,1Zm0,20a9,9,0,1,1,9-9A9,9,0,0,1,12,21Z\" transform=\"matrix(0 0 0 0 12 12)\"><animateTransform attributeName=\"transform\" calcMode=\"spline\" dur=\"1.2s\" keySplines=\".52,.6,.25,.99\" repeatCount=\"indefinite\" type=\"translate\" values=\"12 12;0 0\"/><animateTransform additive=\"sum\" attributeName=\"transform\" calcMode=\"spline\" dur=\"1.2s\" keySplines=\".52,.6,.25,.99\" repeatCount=\"indefinite\" type=\"scale\" values=\"0;1\"/><animate attributeName=\"opacity\" calcMode=\"spline\" dur=\"1.2s\" keySplines=\".52,.6,.25,.99\" repeatCount=\"indefinite\" values=\"1;0\"/></path>"
		},
		"pulse-rings-2": {
			"body": "<path fill=\"currentColor\" d=\"M12,1A11,11,0,1,0,23,12,11,11,0,0,0,12,1Zm0,20a9,9,0,1,1,9-9A9,9,0,0,1,12,21Z\" transform=\"matrix(0 0 0 0 12 12)\"><animateTransform id=\"SVGk7g6Ie5D\" attributeName=\"transform\" begin=\"0;SVGADuEYsSK.begin+0.6s\" calcMode=\"spline\" dur=\"1.2s\" keySplines=\".52,.6,.25,.99\" type=\"translate\" values=\"12 12;0 0\"/><animateTransform additive=\"sum\" attributeName=\"transform\" begin=\"0;SVGADuEYsSK.begin+0.6s\" calcMode=\"spline\" dur=\"1.2s\" keySplines=\".52,.6,.25,.99\" type=\"scale\" values=\"0;1\"/><animate attributeName=\"opacity\" begin=\"0;SVGADuEYsSK.begin+0.6s\" calcMode=\"spline\" dur=\"1.2s\" keySplines=\".52,.6,.25,.99\" values=\"1;0\"/></path><path fill=\"currentColor\" d=\"M12,1A11,11,0,1,0,23,12,11,11,0,0,0,12,1Zm0,20a9,9,0,1,1,9-9A9,9,0,0,1,12,21Z\" transform=\"matrix(0 0 0 0 12 12)\"><animateTransform id=\"SVGADuEYsSK\" attributeName=\"transform\" begin=\"SVGk7g6Ie5D.begin+0.6s\" calcMode=\"spline\" dur=\"1.2s\" keySplines=\".52,.6,.25,.99\" type=\"translate\" values=\"12 12;0 0\"/><animateTransform additive=\"sum\" attributeName=\"transform\" begin=\"SVGk7g6Ie5D.begin+0.6s\" calcMode=\"spline\" dur=\"1.2s\" keySplines=\".52,.6,.25,.99\" type=\"scale\" values=\"0;1\"/><animate attributeName=\"opacity\" begin=\"SVGk7g6Ie5D.begin+0.6s\" calcMode=\"spline\" dur=\"1.2s\" keySplines=\".52,.6,.25,.99\" values=\"1;0\"/></path>"
		},
		"pulse-rings-3": {
			"body": "<path fill=\"currentColor\" d=\"M12,1A11,11,0,1,0,23,12,11,11,0,0,0,12,1Zm0,20a9,9,0,1,1,9-9A9,9,0,0,1,12,21Z\" transform=\"matrix(0 0 0 0 12 12)\"><animateTransform id=\"SVGr0dxBdJO\" attributeName=\"transform\" begin=\"0;SVG7Xy0ecki.begin+0.4s\" calcMode=\"spline\" dur=\"1.2s\" keySplines=\".52,.6,.25,.99\" type=\"translate\" values=\"12 12;0 0\"/><animateTransform additive=\"sum\" attributeName=\"transform\" begin=\"0;SVG7Xy0ecki.begin+0.4s\" calcMode=\"spline\" dur=\"1.2s\" keySplines=\".52,.6,.25,.99\" type=\"scale\" values=\"0;1\"/><animate attributeName=\"opacity\" begin=\"0;SVG7Xy0ecki.begin+0.4s\" calcMode=\"spline\" dur=\"1.2s\" keySplines=\".52,.6,.25,.99\" values=\"1;0\"/></path><path fill=\"currentColor\" d=\"M12,1A11,11,0,1,0,23,12,11,11,0,0,0,12,1Zm0,20a9,9,0,1,1,9-9A9,9,0,0,1,12,21Z\" transform=\"matrix(0 0 0 0 12 12)\"><animateTransform id=\"SVGp2dhBhxA\" attributeName=\"transform\" begin=\"SVGr0dxBdJO.begin+0.4s\" calcMode=\"spline\" dur=\"1.2s\" keySplines=\".52,.6,.25,.99\" type=\"translate\" values=\"12 12;0 0\"/><animateTransform additive=\"sum\" attributeName=\"transform\" begin=\"SVGr0dxBdJO.begin+0.4s\" calcMode=\"spline\" dur=\"1.2s\" keySplines=\".52,.6,.25,.99\" type=\"scale\" values=\"0;1\"/><animate attributeName=\"opacity\" begin=\"SVGr0dxBdJO.begin+0.4s\" calcMode=\"spline\" dur=\"1.2s\" keySplines=\".52,.6,.25,.99\" values=\"1;0\"/></path><path fill=\"currentColor\" d=\"M12,1A11,11,0,1,0,23,12,11,11,0,0,0,12,1Zm0,20a9,9,0,1,1,9-9A9,9,0,0,1,12,21Z\" transform=\"matrix(0 0 0 0 12 12)\"><animateTransform id=\"SVG7Xy0ecki\" attributeName=\"transform\" begin=\"SVGr0dxBdJO.begin+0.8s\" calcMode=\"spline\" dur=\"1.2s\" keySplines=\".52,.6,.25,.99\" type=\"translate\" values=\"12 12;0 0\"/><animateTransform additive=\"sum\" attributeName=\"transform\" begin=\"SVGr0dxBdJO.begin+0.8s\" calcMode=\"spline\" dur=\"1.2s\" keySplines=\".52,.6,.25,.99\" type=\"scale\" values=\"0;1\"/><animate attributeName=\"opacity\" begin=\"SVGr0dxBdJO.begin+0.8s\" calcMode=\"spline\" dur=\"1.2s\" keySplines=\".52,.6,.25,.99\" values=\"1;0\"/></path>"
		},
		"pulse-rings-multiple": {
			"body": "<path fill=\"currentColor\" d=\"M12,1A11,11,0,1,0,23,12,11,11,0,0,0,12,1Zm0,20a9,9,0,1,1,9-9A9,9,0,0,1,12,21Z\" transform=\"matrix(0 0 0 0 12 12)\"><animateTransform id=\"SVGBGG9rcpE\" attributeName=\"transform\" begin=\"0;SVGryjChH5y.end\" calcMode=\"spline\" dur=\"1.2s\" keySplines=\".52,.6,.25,.99\" type=\"translate\" values=\"12 12;0 0\"/><animateTransform additive=\"sum\" attributeName=\"transform\" begin=\"0;SVGryjChH5y.end\" calcMode=\"spline\" dur=\"1.2s\" keySplines=\".52,.6,.25,.99\" type=\"scale\" values=\"0;1\"/><animate attributeName=\"opacity\" begin=\"0;SVGryjChH5y.end\" calcMode=\"spline\" dur=\"1.2s\" keySplines=\".52,.6,.25,.99\" values=\"1;0\"/></path><path fill=\"currentColor\" d=\"M12,1A11,11,0,1,0,23,12,11,11,0,0,0,12,1Zm0,20a9,9,0,1,1,9-9A9,9,0,0,1,12,21Z\" transform=\"matrix(0 0 0 0 12 12)\"><animateTransform id=\"SVG0KQtjdtU\" attributeName=\"transform\" begin=\"SVGBGG9rcpE.begin+0.2s\" calcMode=\"spline\" dur=\"1.2s\" keySplines=\".52,.6,.25,.99\" type=\"translate\" values=\"12 12;0 0\"/><animateTransform additive=\"sum\" attributeName=\"transform\" begin=\"SVGBGG9rcpE.begin+0.2s\" calcMode=\"spline\" dur=\"1.2s\" keySplines=\".52,.6,.25,.99\" type=\"scale\" values=\"0;1\"/><animate attributeName=\"opacity\" begin=\"SVGBGG9rcpE.begin+0.2s\" calcMode=\"spline\" dur=\"1.2s\" keySplines=\".52,.6,.25,.99\" values=\"1;0\"/></path><path fill=\"currentColor\" d=\"M12,1A11,11,0,1,0,23,12,11,11,0,0,0,12,1Zm0,20a9,9,0,1,1,9-9A9,9,0,0,1,12,21Z\" transform=\"matrix(0 0 0 0 12 12)\"><animateTransform id=\"SVGryjChH5y\" attributeName=\"transform\" begin=\"SVGBGG9rcpE.begin+0.4s\" calcMode=\"spline\" dur=\"1.2s\" keySplines=\".52,.6,.25,.99\" type=\"translate\" values=\"12 12;0 0\"/><animateTransform additive=\"sum\" attributeName=\"transform\" begin=\"SVGBGG9rcpE.begin+0.4s\" calcMode=\"spline\" dur=\"1.2s\" keySplines=\".52,.6,.25,.99\" type=\"scale\" values=\"0;1\"/><animate attributeName=\"opacity\" begin=\"SVGBGG9rcpE.begin+0.4s\" calcMode=\"spline\" dur=\"1.2s\" keySplines=\".52,.6,.25,.99\" values=\"1;0\"/></path>"
		},
		"ring-resize": {
			"body": "<g stroke=\"currentColor\"><circle cx=\"12\" cy=\"12\" r=\"9.5\" fill=\"none\" stroke-linecap=\"round\" stroke-width=\"3\"><animate attributeName=\"stroke-dasharray\" calcMode=\"spline\" dur=\"1.5s\" keySplines=\"0.42,0,0.58,1;0.42,0,0.58,1;0.42,0,0.58,1\" keyTimes=\"0;0.475;0.95;1\" repeatCount=\"indefinite\" values=\"0 150;42 150;42 150;42 150\"/><animate attributeName=\"stroke-dashoffset\" calcMode=\"spline\" dur=\"1.5s\" keySplines=\"0.42,0,0.58,1;0.42,0,0.58,1;0.42,0,0.58,1\" keyTimes=\"0;0.475;0.95;1\" repeatCount=\"indefinite\" values=\"0;-16;-59;-59\"/></circle><animateTransform attributeName=\"transform\" dur=\"2s\" repeatCount=\"indefinite\" type=\"rotate\" values=\"0 12 12;360 12 12\"/></g>"
		},
		"tadpole": {
			"body": "<path fill=\"currentColor\" d=\"M12,23a9.63,9.63,0,0,1-8-9.5,9.51,9.51,0,0,1,6.79-9.1A1.66,1.66,0,0,0,12,2.81h0a1.67,1.67,0,0,0-1.94-1.64A11,11,0,0,0,12,23Z\"><animateTransform attributeName=\"transform\" dur=\"0.75s\" repeatCount=\"indefinite\" type=\"rotate\" values=\"0 12 12;360 12 12\"/></path>"
		},
		"wifi": {
			"body": "<path fill=\"currentColor\" d=\"M12,21L15.6,16.2C14.6,15.45 13.35,15 12,15C10.65,15 9.4,15.45 8.4,16.2L12,21\" opacity=\"0\"><animate id=\"SVGKYQAHd9H\" fill=\"freeze\" attributeName=\"opacity\" begin=\"0;SVGiICzmYiD.end+0.2s\" calcMode=\"discrete\" dur=\"0.25s\" values=\"0;1\"/><animate id=\"SVGiICzmYiD\" fill=\"freeze\" attributeName=\"opacity\" begin=\"SVGqTmLtDFc.end+0.5s\" dur=\"0.001s\" values=\"1;0\"/></path><path fill=\"currentColor\" d=\"M12,9C9.3,9 6.81,9.89 4.8,11.4L6.6,13.8C8.1,12.67 9.97,12 12,12C14.03,12 15.9,12.67 17.4,13.8L19.2,11.4C17.19,9.89 14.7,9 12,9Z\" opacity=\"0\"><animate id=\"SVGPRCC2btp\" fill=\"freeze\" attributeName=\"opacity\" begin=\"SVGKYQAHd9H.end\" calcMode=\"discrete\" dur=\"0.25s\" values=\"0;1\"/><animate fill=\"freeze\" attributeName=\"opacity\" begin=\"SVGqTmLtDFc.end+0.5s\" dur=\"0.001s\" values=\"1;0\"/></path><path fill=\"currentColor\" d=\"M12,3C7.95,3 4.21,4.34 1.2,6.6L3,9C5.5,7.12 8.62,6 12,6C15.38,6 18.5,7.12 21,9L22.8,6.6C19.79,4.34 16.05,3 12,3\" opacity=\"0\"><animate id=\"SVGqTmLtDFc\" fill=\"freeze\" attributeName=\"opacity\" begin=\"SVGPRCC2btp.end\" calcMode=\"discrete\" dur=\"0.25s\" values=\"0;1\"/><animate fill=\"freeze\" attributeName=\"opacity\" begin=\"SVGqTmLtDFc.end+0.5s\" dur=\"0.001s\" values=\"1;0\"/></path>"
		},
		"wifi-fade": {
			"body": "<path fill=\"currentColor\" d=\"M12,21L15.6,16.2C14.6,15.45 13.35,15 12,15C10.65,15 9.4,15.45 8.4,16.2L12,21\" opacity=\"0\"><animate id=\"SVGkbUu7KtW\" fill=\"freeze\" attributeName=\"opacity\" begin=\"0;SVGAiUxzdjl.end+0.2s\" dur=\"0.25s\" values=\"0;1\"/><animate id=\"SVGAiUxzdjl\" fill=\"freeze\" attributeName=\"opacity\" begin=\"SVGV9fG3lbe.end+0.5s\" dur=\"0.1s\" values=\"1;0\"/></path><path fill=\"currentColor\" d=\"M12,9C9.3,9 6.81,9.89 4.8,11.4L6.6,13.8C8.1,12.67 9.97,12 12,12C14.03,12 15.9,12.67 17.4,13.8L19.2,11.4C17.19,9.89 14.7,9 12,9Z\" opacity=\"0\"><animate id=\"SVG2sZSgdIQ\" fill=\"freeze\" attributeName=\"opacity\" begin=\"SVGkbUu7KtW.end\" dur=\"0.25s\" values=\"0;1\"/><animate fill=\"freeze\" attributeName=\"opacity\" begin=\"SVGV9fG3lbe.end+0.5s\" dur=\"0.1s\" values=\"1;0\"/></path><path fill=\"currentColor\" d=\"M12,3C7.95,3 4.21,4.34 1.2,6.6L3,9C5.5,7.12 8.62,6 12,6C15.38,6 18.5,7.12 21,9L22.8,6.6C19.79,4.34 16.05,3 12,3\" opacity=\"0\"><animate id=\"SVGV9fG3lbe\" fill=\"freeze\" attributeName=\"opacity\" begin=\"SVG2sZSgdIQ.end\" dur=\"0.25s\" values=\"0;1\"/><animate fill=\"freeze\" attributeName=\"opacity\" begin=\"SVGV9fG3lbe.end+0.5s\" dur=\"0.1s\" values=\"1;0\"/></path>"
		},
		"wind-toy": {
			"body": "<path fill=\"currentColor\" d=\"M20.27,4.74a4.93,4.93,0,0,1,1.52,4.61,5.32,5.32,0,0,1-4.1,4.51,5.12,5.12,0,0,1-5.2-1.5,5.53,5.53,0,0,0,6.13-1.48A5.66,5.66,0,0,0,20.27,4.74ZM12.32,11.53a5.49,5.49,0,0,0-1.47-6.2A5.57,5.57,0,0,0,4.71,3.72,5.17,5.17,0,0,1,9.53,2.2,5.52,5.52,0,0,1,13.9,6.45,5.28,5.28,0,0,1,12.32,11.53ZM19.2,20.29a4.92,4.92,0,0,1-4.72,1.49,5.32,5.32,0,0,1-4.34-4.05A5.2,5.2,0,0,1,11.6,12.5a5.6,5.6,0,0,0,1.51,6.13A5.63,5.63,0,0,0,19.2,20.29ZM3.79,19.38A5.18,5.18,0,0,1,2.32,14a5.3,5.3,0,0,1,4.59-4,5,5,0,0,1,4.58,1.61,5.55,5.55,0,0,0-6.32,1.69A5.46,5.46,0,0,0,3.79,19.38ZM12.23,12a5.11,5.11,0,0,0,3.66-5,5.75,5.75,0,0,0-3.18-6,5,5,0,0,1,4.42,2.3,5.21,5.21,0,0,1,.24,5.92A5.4,5.4,0,0,1,12.23,12ZM11.76,12a5.18,5.18,0,0,0-3.68,5.09,5.58,5.58,0,0,0,3.19,5.79c-1,.35-2.9-.46-4-1.68A5.51,5.51,0,0,1,11.76,12ZM23,12.63a5.07,5.07,0,0,1-2.35,4.52,5.23,5.23,0,0,1-5.91.2,5.24,5.24,0,0,1-2.67-4.77,5.51,5.51,0,0,0,5.45,3.33A5.52,5.52,0,0,0,23,12.63ZM1,11.23a5,5,0,0,1,2.49-4.5,5.23,5.23,0,0,1,5.81-.06,5.3,5.3,0,0,1,2.61,4.74A5.56,5.56,0,0,0,6.56,8.06,5.71,5.71,0,0,0,1,11.23Z\"><animateTransform attributeName=\"transform\" dur=\"1.5s\" repeatCount=\"indefinite\" type=\"rotate\" values=\"0 12 12;360 12 12\"/></path>"
		}
	},
	"width": 24,
	"height": 24
}